JOB_ID,TITLE,COMPANY,COUNTRY,SOURCE,URL,SALARY_MIN,SALARY_MAX,POSTED_DATE,COLLECTED_DATE
adzuna_5807960989,Data Analyst Trainee,ITOL Recruit,gb,adzuna,https://www.adzuna.co.uk/jobs/land/ad/5807960989?se=RB1Qc4eS8RG9ks23jnlnsA&utm_medium=api&utm_source=8413080e&v=275A39BD1A7A49936E5CD999C9D5D1B3CA480722,30000.0,50000.0,2026-07-20,2026-08-07
adzuna_5808132277,Trainee Data Analyst,ITOL Recruit,gb,adzuna,https://www.adzuna.co.uk/jobs/land/ad/5808132277?se=RB1Qc4eS8RG9ks23jnlnsA&utm_medium=api&utm_source=8413080e&v=9E29E3AF0D60995803CC1F15537ADDDB07F990B7,30000.0,50000.0,2026-07-20,2026-08-07
adzuna_5809138078,Trainee Data Analyst,ITOL Recruit,gb,adzuna,https://www.adzuna.co.uk/jobs/land/ad/5809138078?se=RB1Qc4eS8RG9ks23jnlnsA&utm_medium=api&utm_source=8413080e&v=D188017253815AE716B4659F923E46B560EAFE8C,30000.0,50000.0,2026-07-21,2026-08-07
adzuna_5809135959,Data Analyst Trainee,ITOL Recruit,gb,adzuna,https://www.adzuna.co.uk/jobs/land/ad/5809135959?se=RB1Qc4eS8RG9ks23jnlnsA&utm_medium=api&utm_source=8413080e&v=7B5370F552F0F9156F2D3FDCB47A89B7BF4E42A3,30000.0,50000.0,2026-07-21,2026-08-07
adzuna_5811205530,Senior Data Analyst,Tenth Revolution Group,gb,adzuna,https://www.adzuna.co.uk/jobs/land/ad/5811205530?se=RB1Qc4eS8RG9ks23jnlnsA&utm_medium=api&utm_source=8413080e&v=C2EEA6DEDDC27CB2C40AE28CD7B74E0C3A8E6176,70000.0,80000.0,2026-07-22,2026-08-07
adzuna_5789988119,Ecommerce Data Analyst,Next Ltd,gb,adzuna,https://www.adzuna.co.uk/jobs/land/ad/5789988119?se=RB1Qc4eS8RG9ks23jnlnsA&utm_medium=api&utm_source=8413080e&v=BF095B0B714FD0E23D945572FE4509E932360389,41782.03,41782.03,2026-07-06,2026-08-07
adzuna_5825453043,PBWM Data Analyst,Barclays,gb,adzuna,https://www.adzuna.co.uk/jobs/land/ad/5825453043?se=RB1Qc4eS8RG9ks23jnlnsA&utm_medium=api&utm_source=8413080e&v=51CFC285637C14F51816FFA6D1DBC578A0337742,44473.56,44473.56,2026-08-02,2026-08-07
adzuna_5789989162,Lead Data Analyst,MAG ,gb,adzuna,https://www.adzuna.co.uk/jobs/land/ad/5789989162?se=RB1Qc4eS8RG9ks23jnlnsA&utm_medium=api&utm_source=8413080e&v=88A0D7026CEBE8471F2A4D0E5B9655A0B3582BAE,57429.48,57429.48,2026-07-06,2026-08-07
adzuna_5814254977,Senior Data Analyst,Admiral Group Plc,gb,adzuna,https://www.adzuna.co.uk/jobs/land/ad/5814254977?se=RB1Qc4eS8RG9ks23jnlnsA&utm_medium=api&utm_source=8413080e&v=95912F719796E9A0AB3093D08C43D2A24DC17368,40569.47,40569.47,2026-07-24,2026-08-07
adzuna_5832274608,Data Analyst,Workshop Recruitment,gb,adzuna,https://www.adzuna.co.uk/jobs/details/5832274608?utm_medium=api&utm_source=8413080e,32000.0,40000.0,2026-08-07,2026-08-07
adzuna_5827608653,Trainee Data Analyst,ITOL Recruit,gb,adzuna,https://www.adzuna.co.uk/jobs/details/5827608653?utm_medium=api&utm_source=8413080e,30000.0,50000.0,2026-08-04,2026-08-07
remoteok_1136223,Cabin Crew Virtual Interviews PAN India,Akasa Air,remote,remoteok,https://remoteok.com/remote-jobs/1136223,0.0,0.0,,2026-08-07
remoteok_1136245,Professional,Pak Business World,remote,remoteok,https://remoteok.com/remote-jobs/1136245,0.0,0.0,,2026-08-07
remoteok_1136213,Freelance Designer,Control Shift Video,remote,remoteok,https://remoteok.com/remote-jobs/1136213,0.0,0.0,,2026-08-07
remoteok_1136132,Speculative application,Amann Girrbach MEA &amp; Turkey,remote,remoteok,https://remoteok.com/remote-jobs/1136132,0.0,0.0,,2026-08-07
remoteok_1136212,Resource Manager,The Story Shack,remote,remoteok,https://remoteok.com/remote-jobs/1136212,0.0,0.0,,2026-08-07
remoteok_1136227,Go South Coast,Kent Country,remote,remoteok,https://remoteok.com/remote-jobs/1136227,0.0,0.0,,2026-08-07
adzuna_5823138593,Business Analyst,Michael Page Finance,gb,adzuna,https://www.adzuna.co.uk/jobs/details/5823138593?utm_medium=api&utm_source=8413080e,44000.0,46000.0,2026-08-01,2026-08-07
adzuna_5822590319,Business Analyst,Local Pensions Partnership,gb,adzuna,https://www.adzuna.co.uk/jobs/details/5822590319?utm_medium=api&utm_source=8413080e,40000.0,45000.0,2026-07-31,2026-08-07
adzuna_5826617621,Business Analyst,FDM Group,gb,adzuna,https://www.adzuna.co.uk/jobs/details/5826617621?utm_medium=api&utm_source=8413080e,35881.26,35881.26,2026-08-03,2026-08-07
adzuna_5826815795,Financial Reporting Analyst,Line Up Aviation,gb,adzuna,https://www.adzuna.co.uk/jobs/details/5826815795?utm_medium=api&utm_source=8413080e,0.0,76980.0,2026-08-03,2026-08-07
adzuna_5119755250,Data and Reporting Analyst,Enorth Staffing Limited,gb,adzuna,https://www.adzuna.co.uk/jobs/land/ad/5119755250?se=1sPe4qCS8RGlDuOngCclFw&utm_medium=api&utm_source=8413080e&v=D6FB72D849A768DEB99E3AAD0EEFE2FDF954590F,47954.3,47954.3,2025-03-31,2026-08-07
adzuna_5799060903,Risk & Reporting Analyst,Catalyst,gb,adzuna,https://www.adzuna.co.uk/jobs/details/5799060903?utm_medium=api&utm_source=8413080e,65000.0,75000.0,2026-07-13,2026-08-07
adzuna_5827093707,BI Reporting Analyst,Essential Recruitment,gb,adzuna,https://www.adzuna.co.uk/jobs/details/5827093707?utm_medium=api&utm_source=8413080e,55000.0,55000.0,2026-08-04,2026-08-07
adzuna_5808583546,Risk & Reporting Analyst,Catalyst,gb,adzuna,https://www.adzuna.co.uk/jobs/details/5808583546?utm_medium=api&utm_source=8413080e,75000.0,75000.0,2026-07-21,2026-08-07
adzuna_5827851882,Business Analyst,Howdens Joinery,gb,adzuna,https://www.adzuna.co.uk/jobs/details/5827851882?utm_medium=api&utm_source=8413080e,49287.54,49287.54,2026-08-04,2026-08-07
adzuna_5827853475,Business Analyst,Elevation Recruitment Group,gb,adzuna,https://www.adzuna.co.uk/jobs/details/5827853475?utm_medium=api&utm_source=8413080e,45000.0,60000.0,2026-08-04,2026-08-07
adzuna_5828118679,Gen BI Analyst,McGregor Boyall,gb,adzuna,https://www.adzuna.co.uk/jobs/details/5828118679?utm_medium=api&utm_source=8413080e,156000.0,156000.0,2026-08-04,2026-08-07
adzuna_5808398158,Senior BI Analyst,Amtis professional Ltd,gb,adzuna,https://www.adzuna.co.uk/jobs/land/ad/5808398158?se=LlVF3qCS8RGlDuOngCclFw&utm_medium=api&utm_source=8413080e&v=30D01C393D1A3042BB7E8FC0210088718BA1EDEB,60000.0,70000.0,2026-07-20,2026-08-07
adzuna_5808309936,Junior Power BI Analyst,Gleeson Recruitment Group,gb,adzuna,https://www.adzuna.co.uk/jobs/land/ad/5808309936?se=LlVF3qCS8RGlDuOngCclFw&utm_medium=api&utm_source=8413080e&v=B487BFE681BA99BCC5D3483C1825A80AFA60DE72,52000.0,52000.0,2026-07-20,2026-08-07
adzuna_5829374442,Business Intelligence (BI) Analyst,Local Pensions Partnership,gb,adzuna,https://www.adzuna.co.uk/jobs/land/ad/5829374442?se=LlVF3qCS8RGlDuOngCclFw&utm_medium=api&utm_source=8413080e&v=59CF7370838F267BC2F6676EA16A21A3A2E625EC,30000.0,35000.0,2026-08-05,2026-08-07
adzuna_5814227787,BI Analyst,Erin Associates,gb,adzuna,https://www.adzuna.co.uk/jobs/details/5814227787?utm_medium=api&utm_source=8413080e,32000.0,35000.0,2026-07-24,2026-08-07
adzuna_5798818191,BI Analyst,Nintendo,gb,adzuna,https://www.adzuna.co.uk/jobs/details/5798818191?utm_medium=api&utm_source=8413080e,44406.64,44406.64,2026-07-13,2026-08-07
adzuna_5798899589,BI Analyst,Nintendo,gb,adzuna,https://www.adzuna.co.uk/jobs/details/5798899589?utm_medium=api&utm_source=8413080e,44606.55,44606.55,2026-07-13,2026-08-07
adzuna_5827485642,BI Analyst,Verisure,gb,adzuna,https://www.adzuna.co.uk/jobs/details/5827485642?utm_medium=api&utm_source=8413080e,47449.66,47449.66,2026-08-04,2026-08-07
adzuna_5693380222,Database Administrator,GovCIO,us,adzuna,https://www.adzuna.com/land/ad/5693380222?se=tHdoCKaS8RGWPoJqQXFPnw&utm_medium=api&utm_source=8413080e&v=F02160725EE74FE680F7D444A18FD49FE23D5297,118080.51,118080.51,2026-04-08,2026-08-07
adzuna_5810192732,DataBase Administrator,Auburn Technical Svcs Group,us,adzuna,https://www.adzuna.com/land/ad/5810192732?se=tHdoCKaS8RGWPoJqQXFPnw&utm_medium=api&utm_source=8413080e&v=97577A9D642F4CD2CB8AF084A21DE5126FB14CF5,79259.86,79259.86,2026-07-21,2026-08-07
adzuna_5818726380,Database Administrator,Stefanini,us,adzuna,https://www.adzuna.com/land/ad/5818726380?se=tHdoCKaS8RGWPoJqQXFPnw&utm_medium=api&utm_source=8413080e&v=BC8D8B6E1A9B1ADEAB032A12EFBF36013A5A0B63,117028.38,117028.38,2026-07-28,2026-08-07
adzuna_5826794170,Database Administrator,Kforce Technology Staffing,us,adzuna,https://www.adzuna.com/land/ad/5826794170?se=tHdoCKaS8RGWPoJqQXFPnw&utm_medium=api&utm_source=8413080e&v=B6CFBB6C7A5098EE58CE48861D691ED5A84960FB,159697.42,159697.42,2026-08-03,2026-08-07
adzuna_5832298907,Data Engineer,DCI Solutions,us,adzuna,https://www.adzuna.com/details/5832298907?utm_medium=api&utm_source=8413080e,160000.0,260000.0,2026-08-07,2026-08-07
adzuna_5767372791,Data Engineer,ManTech International,us,adzuna,https://www.adzuna.com/land/ad/5767372791?se=XI3LCqaS8RGWPoJqQXFPnw&utm_medium=api&utm_source=8413080e&v=6614ED4A0CADE6BDE29113BB54E002FDB76CEC18,115000.0,160000.0,2026-06-17,2026-08-07
adzuna_5794101507,Data Engineer,ManTech International,us,adzuna,https://www.adzuna.com/land/ad/5794101507?se=XI3LCqaS8RGWPoJqQXFPnw&utm_medium=api&utm_source=8413080e&v=34C085BC66EBBA29723BD45C4DB4737EC26691CB,125000.0,165000.0,2026-07-09,2026-08-07
adzuna_5824796834,Data Engineer,CarShield,us,adzuna,https://www.adzuna.com/land/ad/5824796834?se=XI3LCqaS8RGWPoJqQXFPnw&utm_medium=api&utm_source=8413080e&v=956DA37DE055E8D3E7549EFC753A2AA825BDA950,130000.0,175000.0,2026-08-01,2026-08-07
adzuna_5793895752,Data Engineer,Stord,us,adzuna,https://www.adzuna.com/land/ad/5793895752?se=XI3LCqaS8RGWPoJqQXFPnw&utm_medium=api&utm_source=8413080e&v=82E792D02BD34090C970C26685BF35D995158674,97059.17,97059.17,2026-07-09,2026-08-07
adzuna_5824798229,Data Engineer,MANTECH,us,adzuna,https://www.adzuna.com/land/ad/5824798229?se=XI3LCqaS8RGWPoJqQXFPnw&utm_medium=api&utm_source=8413080e&v=EECDCFCB78A9DD314C840579924E8194C0F084ED,141931.8,141931.8,2026-08-01,2026-08-07
adzuna_5819785664,Office & Database Administrator,Reading Industrial Pertemps,gb,adzuna,https://www.adzuna.co.uk/jobs/details/5819785664?utm_medium=api&utm_source=8413080e,25000.0,28000.0,2026-07-29,2026-08-07
adzuna_5793725772,Conflicts Database Administrator,LATHAM & WATKINS LLP,gb,adzuna,https://www.adzuna.co.uk/jobs/land/ad/5793725772?se=ROIH9qCS8RGOZItUbRfjpg&utm_medium=api&utm_source=8413080e&v=1154D174747CCD689FA51C6CA97D673D73A91321,50234.78,50234.78,2026-07-09,2026-08-07
adzuna_5789988916,Database Administrator (DBA),DXC Technology,gb,adzuna,https://www.adzuna.co.uk/jobs/land/ad/5789988916?se=ROIH9qCS8RGOZItUbRfjpg&utm_medium=api&utm_source=8413080e&v=0692076D823187B2A13AA3D03FFDFACC6983ACD2,59054.02,59054.02,2026-07-06,2026-08-07
adzuna_5805057645,SQL Database Administrator,VIQU IT Recruitment,gb,adzuna,https://www.adzuna.co.uk/jobs/land/ad/5805057645?se=ROIH9qCS8RGOZItUbRfjpg&utm_medium=api&utm_source=8413080e&v=B6BD4D09178DA44FED2E1E9362F0E72C3292E568,130000.0,156000.0,2026-07-17,2026-08-07
adzuna_5823562756,PostgreSQL DBA/Database Administrator and Oracle,Atos,gb,adzuna,https://www.adzuna.co.uk/jobs/land/ad/5823562756?se=ROIH9qCS8RGOZItUbRfjpg&utm_medium=api&utm_source=8413080e&v=DB269CEDB651BE435AFDBF85681E6304F035137C,54656.69,54656.69,2026-08-01,2026-08-07
adzuna_5785408772,Database Administrator,Indra Group UK & Ireland,gb,adzuna,https://www.adzuna.co.uk/jobs/details/5785408772?utm_medium=api&utm_source=8413080e,68880.81,68880.81,2026-07-02,2026-08-07
adzuna_5821433116,Database Administrator,Experis UK,gb,adzuna,https://www.adzuna.co.uk/jobs/details/5821433116?utm_medium=api&utm_source=8413080e,130000.0,146900.0,2026-07-30,2026-08-07
adzuna_5821846336,Database Administrator,Ocho People,gb,adzuna,https://www.adzuna.co.uk/jobs/details/5821846336?utm_medium=api&utm_source=8413080e,50000.0,60000.0,2026-07-31,2026-08-07
adzuna_5826718134,Database Administrator,Logistex,gb,adzuna,https://www.adzuna.co.uk/jobs/details/5826718134?utm_medium=api&utm_source=8413080e,58015.19,58015.19,2026-08-03,2026-08-07
adzuna_5827735361,Database Administrator,Uniting Ambition,gb,adzuna,https://www.adzuna.co.uk/jobs/details/5827735361?utm_medium=api&utm_source=8413080e,50000.0,65000.0,2026-08-04,2026-08-07
adzuna_5119759246,Database Administrator,Enorth Staffing Limited,gb,adzuna,https://www.adzuna.co.uk/jobs/land/ad/5119759246?se=ROIH9qCS8RGOZItUbRfjpg&utm_medium=api&utm_source=8413080e&v=AE79C30291FB540E609B589CF7364D5BDD062675,38307.25,38307.25,2025-03-31,2026-08-07
adzuna_5821149025,Database Administrator,Experis,gb,adzuna,https://www.adzuna.co.uk/jobs/details/5821149025?utm_medium=api&utm_source=8413080e,130000.0,146900.0,2026-07-30,2026-08-07
adzuna_5826637498,Database Administrator,Isio,gb,adzuna,https://www.adzuna.co.uk/jobs/land/ad/5826637498?se=ROIH9qCS8RGOZItUbRfjpg&utm_medium=api&utm_source=8413080e&v=CD2981D0D0A393F2117D8C345A6EA4F7F57E3BFE,46518.19,46518.19,2026-08-03,2026-08-07
adzuna_5790231967,Database Administrator,Pilgrim's Europe,gb,adzuna,https://www.adzuna.co.uk/jobs/details/5790231967?utm_medium=api&utm_source=8413080e,57500.23,57500.23,2026-07-06,2026-08-07
adzuna_5790312006,Database Administrator,Pilgrims Europe,gb,adzuna,https://www.adzuna.co.uk/jobs/details/5790312006?utm_medium=api&utm_source=8413080e,52859.81,52859.81,2026-07-06,2026-08-07
adzuna_5826645744,Data Engineer,Anson Mccade,gb,adzuna,https://www.adzuna.co.uk/jobs/land/ad/5826645744?se=nNBz-KCS8RGWPoJqQXFPnw&utm_medium=api&utm_source=8413080e&v=87137FD883113D401142CCDC6239A21E633713DA,50000.0,50000.0,2026-08-03,2026-08-07
adzuna_5813912178,Data Engineer,Ocho,gb,adzuna,https://www.adzuna.co.uk/jobs/land/ad/5813912178?se=nNBz-KCS8RGWPoJqQXFPnw&utm_medium=api&utm_source=8413080e&v=5BEC3AD0BC8C128AA9FCA9F700A5EE314BB6A8D7,55000.0,55000.0,2026-07-24,2026-08-07
adzuna_5826821720,Data Engineer,PA Consulting,gb,adzuna,https://www.adzuna.co.uk/jobs/land/ad/5826821720?se=nNBz-KCS8RGWPoJqQXFPnw&utm_medium=api&utm_source=8413080e&v=CEA9804B39774CA4F274123C4A7D31EC8C04D723,54838.96,54838.96,2026-08-03,2026-08-07
adzuna_5812645654,Data Engineer,PA Consulting,gb,adzuna,https://www.adzuna.co.uk/jobs/land/ad/5812645654?se=nNBz-KCS8RGWPoJqQXFPnw&utm_medium=api&utm_source=8413080e&v=EEFCC9A039CA8388A9CCF307E36E8AA4268AE48D,53868.62,53868.62,2026-07-23,2026-08-07
adzuna_5830867941,Principal Data Engineer,Places for People,gb,adzuna,https://www.adzuna.co.uk/jobs/land/ad/5830867941?se=nNBz-KCS8RGWPoJqQXFPnw&utm_medium=api&utm_source=8413080e&v=59386621431A70D024EAFC2ADEB63537EAEB6661,68799.14,68799.14,2026-08-06,2026-08-07
adzuna_5817724330,Oracle SQL & Tableau Developer,Apex Systems,us,adzuna,https://www.adzuna.com/land/ad/5817724330?se=CuCWEaaS8RGlDuOngCclFw&utm_medium=api&utm_source=8413080e&v=B5888D8945C7ED79F8D7023BFF664558D17E6BCC,93897.3,93897.3,2026-07-27,2026-08-07
adzuna_5802131008,Remote Tableau Developer,Insight Global,us,adzuna,https://www.adzuna.com/land/ad/5802131008?se=CuCWEaaS8RGlDuOngCclFw&utm_medium=api&utm_source=8413080e&v=F4D204A1A9EF83D75044544A25BA17B734587177,85351.66,85351.66,2026-07-15,2026-08-07
adzuna_5831836515,Tableau Developer (Data Visualization & Analytics),Daiichi Sankyo,us,adzuna,https://www.adzuna.com/land/ad/5831836515?se=CuCWEaaS8RGlDuOngCclFw&utm_medium=api&utm_source=8413080e&v=03F16DF98398CB548F4C3C4F0B48391C7A9F8046,193565.7,193565.7,2026-08-07,2026-08-07
adzuna_5688932228,Tableau Developer with Python for Reston VA,"Hexaware Technologies, Inc",us,adzuna,https://www.adzuna.com/land/ad/5688932228?se=CuCWEaaS8RGlDuOngCclFw&utm_medium=api&utm_source=8413080e&v=949F2CC5FCCB863D3CC1DE5864DB3B9222F63F0E,70621.27,70621.27,2026-04-03,2026-08-07
adzuna_5809933403,Tableau Developer (Remote Texas Only),Nexxora Inc.,us,adzuna,https://www.adzuna.com/land/ad/5809933403?se=CuCWEaaS8RGlDuOngCclFw&utm_medium=api&utm_source=8413080e&v=75D22239C37B4B57852E74F514F7EBD8A7B4FC63,87214.95,87214.95,2026-07-21,2026-08-07
adzuna_5831831632,QA Analyst III,Pinnacle Technical Resources,us,adzuna,https://www.adzuna.com/land/ad/5831831632?se=tknoGKaS8RGlDuOngCclFw&utm_medium=api&utm_source=8413080e&v=A09B97B8DD6191956F98C1C4EDEFD1ED860D7DBE,119001.86,119001.86,2026-08-07,2026-08-07
adzuna_5800354903,Senior QA Analyst,Compri Consulting,us,adzuna,https://www.adzuna.com/land/ad/5800354903?se=tknoGKaS8RGlDuOngCclFw&utm_medium=api&utm_source=8413080e&v=A016FF38D71F4126B6EFAC57AD94E7D321749642,69378.23,69378.23,2026-07-14,2026-08-07
adzuna_5820955613,Digital QA Analyst,Decisionpoint Corporation,us,adzuna,https://www.adzuna.com/land/ad/5820955613?se=tknoGKaS8RGlDuOngCclFw&utm_medium=api&utm_source=8413080e&v=9A7636358761744612E89B5176261B45E0197DA1,47969.89,47969.89,2026-07-30,2026-08-07
adzuna_5791218100,QA Analyst L2,"iSpace, Inc",us,adzuna,https://www.adzuna.com/land/ad/5791218100?se=tknoGKaS8RGlDuOngCclFw&utm_medium=api&utm_source=8413080e&v=34D5E8CBDDBC80BC04ACB1377F113D67899EF542,117387.86,117387.86,2026-07-07,2026-08-07
adzuna_5829883758,QA Analyst III,PTR Global,us,adzuna,https://www.adzuna.com/land/ad/5829883758?se=tknoGKaS8RGlDuOngCclFw&utm_medium=api&utm_source=8413080e&v=867201ECF80454C6F35DE7A9C99AED11D1DBCEDE,94337.65,94337.65,2026-08-05,2026-08-07
adzuna_5830511444,Python Developer,BrezQ,us,adzuna,https://www.adzuna.com/land/ad/5830511444?se=MIFVE6aS8RGWPoJqQXFPnw&utm_medium=api&utm_source=8413080e&v=917D87D345D1F15738F3F226832AFF6A9AD73E62,89883.02,89883.02,2026-08-06,2026-08-07
adzuna_5812344440,Python Developer,Dexian,us,adzuna,https://www.adzuna.com/land/ad/5812344440?se=MIFVE6aS8RGWPoJqQXFPnw&utm_medium=api&utm_source=8413080e&v=F23A9E95222012554F845ECB22E8D2629A361106,144025.22,144025.22,2026-07-23,2026-08-07
adzuna_5831264595,Python Developer,Vega Intellisoft Inc.,us,adzuna,https://www.adzuna.com/land/ad/5831264595?se=MIFVE6aS8RGWPoJqQXFPnw&utm_medium=api&utm_source=8413080e&v=76F4A090A0C2A8C728CF0C81F6F19BB4770E5F83,82940.21,82940.21,2026-08-06,2026-08-07
adzuna_5829369716,Python Developer,STAFFXPERT LLC,us,adzuna,https://www.adzuna.com/land/ad/5829369716?se=MIFVE6aS8RGWPoJqQXFPnw&utm_medium=api&utm_source=8413080e&v=0FBB4FBED6CA53E1731A2443E7F2FE4021775C7A,125798.95,125798.95,2026-08-05,2026-08-07
adzuna_5800474114,Python Developer,Aivra Health LLC,us,adzuna,https://www.adzuna.com/land/ad/5800474114?se=MIFVE6aS8RGWPoJqQXFPnw&utm_medium=api&utm_source=8413080e&v=65C4C8C1B2DFD5D2EEC27D0E1B037E4461465636,98717.18,98717.18,2026-07-14,2026-08-07
adzuna_5830296077,Junior Environmental Reporting and Data Analyst,Quest Search and Selection Ltd,gb,adzuna,https://www.adzuna.co.uk/jobs/details/5830296077?utm_medium=api&utm_source=8413080e,35910.46,35910.46,2026-08-06,2026-08-07
adzuna_5818618245,"Junior Data/Account Management Analyst (Excel, Data Analysis & Reporting)",Marsh McLennan,gb,adzuna,https://www.adzuna.co.uk/jobs/land/ad/5818618245?se=nsqE66CS8RGlDuOngCclFw&utm_medium=api&utm_source=8413080e&v=CA81FC89D62094460A515444AF63CECDF56FEAAC,33068.13,33068.13,2026-07-28,2026-08-07
adzuna_5808180310,Data Science Trainee,ITOL Recruit,gb,adzuna,https://www.adzuna.co.uk/jobs/land/ad/5808180310?se=nsqE66CS8RGlDuOngCclFw&utm_medium=api&utm_source=8413080e&v=25FDA917D432C223D6E839639253B52519BE5101,30000.0,50000.0,2026-07-20,2026-08-07
adzuna_5809118185,Data Science Trainee,ITOL Recruit,gb,adzuna,https://www.adzuna.co.uk/jobs/land/ad/5809118185?se=nsqE66CS8RGlDuOngCclFw&utm_medium=api&utm_source=8413080e&v=6170D99E00AED82DDB62DCB97FF154F032920DB4,30000.0,50000.0,2026-07-21,2026-08-07
adzuna_5814243548,Advanced Data Analytics,PA Consulting,gb,adzuna,https://www.adzuna.co.uk/jobs/land/ad/5814243548?se=vMXc7aCS8RGWPoJqQXFPnw&utm_medium=api&utm_source=8413080e&v=4C86D483E39D4F49A0D9CE199A64933427A5C048,67073.32,67073.32,2026-07-24,2026-08-07
adzuna_5812645651,Advanced Data Analytics Consultant,PA Consulting,gb,adzuna,https://www.adzuna.co.uk/jobs/land/ad/5812645651?se=vMXc7aCS8RGWPoJqQXFPnw&utm_medium=api&utm_source=8413080e&v=B7BC8F9702569B6034B5A6EF19735F66B956A794,64287.91,64287.91,2026-07-23,2026-08-07
adzuna_5789989076,Chief of Data Analytics Data Architect,Barclays,gb,adzuna,https://www.adzuna.co.uk/jobs/land/ad/5789989076?se=vMXc7aCS8RGWPoJqQXFPnw&utm_medium=api&utm_source=8413080e&v=D7477CBD7553DEB1DDA3A87B102606B698C945AA,78173.91,78173.91,2026-07-06,2026-08-07
adzuna_5820865980,Director Data & Analytics API Experience - Data Services,CME Technology Support Services Ltd,gb,adzuna,https://www.adzuna.co.uk/jobs/land/ad/5820865980?se=vMXc7aCS8RGWPoJqQXFPnw&utm_medium=api&utm_source=8413080e&v=45B9203B513AC2EF2BD5FEA6AC280EF3FD01365A,99355.18,99355.18,2026-07-30,2026-08-07
adzuna_5789989688,Lead Data & Analytics Engineer,Jet2.com,gb,adzuna,https://www.adzuna.co.uk/jobs/land/ad/5789989688?se=vMXc7aCS8RGWPoJqQXFPnw&utm_medium=api&utm_source=8413080e&v=ADD7E539405B7DFFC4647B39E624D52F9948FA0B,78269.24,78269.24,2026-07-06,2026-08-07
adzuna_5826617648,"Pricing, Data Analytics & AI - contract",Oliver James,gb,adzuna,https://www.adzuna.co.uk/jobs/details/5826617648?utm_medium=api&utm_source=8413080e,63779.11,63779.11,2026-08-03,2026-08-07
adzuna_5830849190,Audit Data Analytics Senior Manager,Warner Scott Recruitment Ltd,gb,adzuna,https://www.adzuna.co.uk/jobs/details/5830849190?utm_medium=api&utm_source=8413080e,75000.0,90000.0,2026-08-06,2026-08-07
adzuna_5825453165,SAP Data & Analytics Portfolio Lead,Atos,gb,adzuna,https://www.adzuna.co.uk/jobs/land/ad/5825453165?se=vMXc7aCS8RGWPoJqQXFPnw&utm_medium=api&utm_source=8413080e&v=719EBBB6FA1984274655D89F6DE94D34A68BCAC3,76882.93,76882.93,2026-08-02,2026-08-07
adzuna_5812625571,Software Engineer III - Data Analytics Platform,J.P. Morgan,gb,adzuna,https://www.adzuna.co.uk/jobs/land/ad/5812625571?se=vMXc7aCS8RGWPoJqQXFPnw&utm_medium=api&utm_source=8413080e&v=7F30C0A344AF0B15730CE4E76AF19C9EB033B179,93292.93,93292.93,2026-07-23,2026-08-07
adzuna_5821446211,CCOR Data Analytics - Product manager - Vice President,J.P. Morgan,gb,adzuna,https://www.adzuna.co.uk/jobs/land/ad/5821446211?se=vMXc7aCS8RGWPoJqQXFPnw&utm_medium=api&utm_source=8413080e&v=871F25BF79ACF0683F235C2EA4C9B500EBAE3AD9,75487.46,75487.46,2026-07-30,2026-08-07
adzuna_5210489578,Data Analytics,deutsche bank,gb,adzuna,https://www.adzuna.co.uk/jobs/details/5210489578?utm_medium=api&utm_source=8413080e,51753.34,51753.34,2025-05-22,2026-08-07
adzuna_5769361259,Director of Data & Analytics,Hack The Box,gb,adzuna,https://www.adzuna.co.uk/jobs/details/5769361259?utm_medium=api&utm_source=8413080e,81992.07,81992.07,2026-06-19,2026-08-07
adzuna_5805071880,Data & Analytics Manager,ReVybe IT Recruitment Limited,gb,adzuna,https://www.adzuna.co.uk/jobs/details/5805071880?utm_medium=api&utm_source=8413080e,80000.0,100000.0,2026-07-17,2026-08-07
adzuna_5805474091,Data & Analytics Manager,REVYBE IT RECRUITMENT LIMITED,gb,adzuna,https://www.adzuna.co.uk/jobs/details/5805474091?utm_medium=api&utm_source=8413080e,100000.0,100000.0,2026-07-18,2026-08-07
adzuna_5768155727,Data Analytics Manager,England Rugby,gb,adzuna,https://www.adzuna.co.uk/jobs/details/5768155727?utm_medium=api&utm_source=8413080e,72864.15,72864.15,2026-06-18,2026-08-07
adzuna_5713699485,Data Analytics Specialist,Mayford James,gb,adzuna,https://www.adzuna.co.uk/jobs/details/5713699485?utm_medium=api&utm_source=8413080e,56620.16,56620.16,2026-04-29,2026-08-07
adzuna_5830838601,ETL Developer,Zyxware Technologies,us,adzuna,https://www.adzuna.com/land/ad/5830838601?se=pvawDaaS8RGOZItUbRfjpg&utm_medium=api&utm_source=8413080e&v=7433BFEB4E3A96D2D0ECF2813293D893C6C8F2B7,177950.39,177950.39,2026-08-06,2026-08-07
adzuna_5761544370,ETL Developer,Trova Search,us,adzuna,https://www.adzuna.com/land/ad/5761544370?se=pvawDaaS8RGOZItUbRfjpg&utm_medium=api&utm_source=8413080e&v=5A101EB9D7ED06582013D63D503A5927432EA777,125668.72,125668.72,2026-06-12,2026-08-07
adzuna_5796684032,"Sr ETL Developer, AVP",Barclays,us,adzuna,https://www.adzuna.com/land/ad/5796684032?se=pvawDaaS8RGOZItUbRfjpg&utm_medium=api&utm_source=8413080e&v=0C4C089E7F0F418B36536B1A3BB4BFC8823482EB,205456.44,205456.44,2026-07-11,2026-08-07
adzuna_5828316105,Informatica ETL Developer,TECHNEPTUNE CONSULTING INC,us,adzuna,https://www.adzuna.com/land/ad/5828316105?se=pvawDaaS8RGOZItUbRfjpg&utm_medium=api&utm_source=8413080e&v=45C5C9077A009C373DEB74E1B541AECC8ACB7920,122182.85,122182.85,2026-08-04,2026-08-07
adzuna_5800283495,Junior ETL Developer,"Shimento, Inc.",us,adzuna,https://www.adzuna.com/land/ad/5800283495?se=pvawDaaS8RGOZItUbRfjpg&utm_medium=api&utm_source=8413080e&v=628B6E45AE73EC4191992C97D87972A91DB81BB3,93095.62,93095.62,2026-07-14,2026-08-07
adzuna_5826891891,"Data Scientist, Senior","BOOZ, ALLEN & HAMILTON, INC.",us,adzuna,https://www.adzuna.com/land/ad/5826891891?se=9Gc6FaaS8RG9ks23jnlnsA&utm_medium=api&utm_source=8413080e&v=03E6213C9B9DCB4DF5E974735CBF1E4FE252456E,210430.02,210430.02,2026-08-03,2026-08-07
adzuna_5826955995,"Data Scientist, Senior","BOOZ, ALLEN & HAMILTON, INC.",us,adzuna,https://www.adzuna.com/land/ad/5826955995?se=9Gc6FaaS8RG9ks23jnlnsA&utm_medium=api&utm_source=8413080e&v=41BD13959297AB33E8AFF6DE2B10685F148413DD,207448.73,207448.73,2026-08-03,2026-08-07
adzuna_5826894413,"Data Scientist, Senior","BOOZ, ALLEN & HAMILTON, INC.",us,adzuna,https://www.adzuna.com/land/ad/5826894413?se=9Gc6FaaS8RG9ks23jnlnsA&utm_medium=api&utm_source=8413080e&v=52487C2ECE68800247C4E80C63782B7D46BD709A,201258.05,201258.05,2026-08-03,2026-08-07
adzuna_5826907931,"Data Scientist, Senior","BOOZ, ALLEN & HAMILTON, INC.",us,adzuna,https://www.adzuna.com/land/ad/5826907931?se=9Gc6FaaS8RG9ks23jnlnsA&utm_medium=api&utm_source=8413080e&v=A891175CFB434400976CC428FFB0026D75ABD651,233459.2,233459.2,2026-08-03,2026-08-07
adzuna_5827011775,"Data Scientist, Senior","BOOZ, ALLEN & HAMILTON, INC.",us,adzuna,https://www.adzuna.com/land/ad/5827011775?se=9Gc6FaaS8RG9ks23jnlnsA&utm_medium=api&utm_source=8413080e&v=57447C716CB99A13E7F3293EA6DC15083BF4C8A0,201822.36,201822.36,2026-08-03,2026-08-07
adzuna_5820105717,Power BI Developer,Apex 2000,us,adzuna,https://www.adzuna.com/land/ad/5820105717?se=tD3SD6aS8RGlDuOngCclFw&utm_medium=api&utm_source=8413080e&v=FB5EAD13B7C34A43450098165E97D5A3F6F6F228,83088.73,83088.73,2026-07-29,2026-08-07
adzuna_5831831609,Senior Power BI Developer,DCS Corp,us,adzuna,https://www.adzuna.com/land/ad/5831831609?se=tD3SD6aS8RGlDuOngCclFw&utm_medium=api&utm_source=8413080e&v=B395EB71F7F0D2F17F660D6E0CAFF408A9EE2A5F,90714.2,90714.2,2026-08-07,2026-08-07
adzuna_5794497221,Senior Power BI Developer,"ITC Infotech , Inc",us,adzuna,https://www.adzuna.com/land/ad/5794497221?se=tD3SD6aS8RGlDuOngCclFw&utm_medium=api&utm_source=8413080e&v=1914215A1E5BA3768D8FCB48EE345E12689AE40A,134449.98,134449.98,2026-07-09,2026-08-07
adzuna_5714035015,Senior Power BI Developer,Coforge,us,adzuna,https://www.adzuna.com/land/ad/5714035015?se=tD3SD6aS8RGlDuOngCclFw&utm_medium=api&utm_source=8413080e&v=25D81B918CCEBCBBB4FF285449564218D0969511,106946.69,106946.69,2026-04-29,2026-08-07
adzuna_5794497287,Fabric/Power BI Developer,ResolveTech Solutions Inc.,us,adzuna,https://www.adzuna.com/land/ad/5794497287?se=tD3SD6aS8RGlDuOngCclFw&utm_medium=api&utm_source=8413080e&v=8361B89731D17594F70C63FB226F539EBFDF4DD9,78778.02,78778.02,2026-07-09,2026-08-07
adzuna_5814303251,Machine Learning Engineer,"DPP Tech, Inc.",us,adzuna,https://www.adzuna.com/land/ad/5814303251?se=XGsnF6aS8RGlDuOngCclFw&utm_medium=api&utm_source=8413080e&v=7FBB2D203730DB86C38FC25208720D5DE9B09712,108026.18,108026.18,2026-07-24,2026-08-07
adzuna_5766191684,Machine Learning Engineer,Bespoke Labs,us,adzuna,https://www.adzuna.com/land/ad/5766191684?se=XGsnF6aS8RGlDuOngCclFw&utm_medium=api&utm_source=8413080e&v=2446B775C29C69D75B94DFB2AC0091ADC406C046,124093.11,124093.11,2026-06-16,2026-08-07
adzuna_5766191158,Machine Learning Engineer,Bespoke Labs,us,adzuna,https://www.adzuna.com/land/ad/5766191158?se=XGsnF6aS8RGlDuOngCclFw&utm_medium=api&utm_source=8413080e&v=E904F6CE630F07BF65D2244B1D4E33A2DE8632D3,123732.21,123732.21,2026-06-16,2026-08-07
adzuna_5766190502,Machine Learning Engineer,Bespoke Labs,us,adzuna,https://www.adzuna.com/land/ad/5766190502?se=XGsnF6aS8RGlDuOngCclFw&utm_medium=api&utm_source=8413080e&v=5CCD440DAD619F65A3D5FA3F5D74966FF8685D86,136042.5,136042.5,2026-06-16,2026-08-07
adzuna_5766191146,Machine Learning Engineer,Bespoke Labs,us,adzuna,https://www.adzuna.com/land/ad/5766191146?se=XGsnF6aS8RGlDuOngCclFw&utm_medium=api&utm_source=8413080e&v=9616BD7B1255F80687A67A09B86912CBD45F0A6B,129533.54,129533.54,2026-06-16,2026-08-07
adzuna_5830838325,Power Bi Developer,ENIN SYSTEMS INC,us,adzuna,https://www.adzuna.com/land/ad/5830838325?se=tD3SD6aS8RGlDuOngCclFw&utm_medium=api&utm_source=8413080e&v=3DDC669A8DC156925850DDB85C79F9593494F428,92500.38,92500.38,2026-08-06,2026-08-07
adzuna_5820417179,Power BI Developer,Stefanini,us,adzuna,https://www.adzuna.com/land/ad/5820417179?se=tD3SD6aS8RGlDuOngCclFw&utm_medium=api&utm_source=8413080e&v=D7A0F2AEB0B6EE310ACD41FF0571F6E8AD7B93B8,100282.95,100282.95,2026-07-29,2026-08-07
adzuna_5812679541,Power BI Developer,Irvine Technology Corporation ,us,adzuna,https://www.adzuna.com/land/ad/5812679541?se=tD3SD6aS8RGlDuOngCclFw&utm_medium=api&utm_source=8413080e&v=A0114E66016FB838EDA494A0E0916EDF957D42F5,89544.12,89544.12,2026-07-23,2026-08-07
adzuna_5791545722,Power BI Developer,Solugenix Corporation,us,adzuna,https://www.adzuna.com/land/ad/5791545722?se=tD3SD6aS8RGlDuOngCclFw&utm_medium=api&utm_source=8413080e&v=97151FB605B9139D9B00CE6483D991C5D68BD3EE,89845.23,89845.23,2026-07-07,2026-08-07
adzuna_5785770602,Power BI Developer,Solugenix Corporation,us,adzuna,https://www.adzuna.com/land/ad/5785770602?se=tD3SD6aS8RGlDuOngCclFw&utm_medium=api&utm_source=8413080e&v=CA87D4C88CFCB7D788E2898E2B33988E981B7191,96255.38,96255.38,2026-07-02,2026-08-07
adzuna_5823867870,Senior Machine Learning Engineer,Vanguard,us,adzuna,https://www.adzuna.com/land/ad/5823867870?se=XGsnF6aS8RGlDuOngCclFw&utm_medium=api&utm_source=8413080e&v=3AB7F1C2562B32C6D1AD725521FD52CF636BED36,138226.77,138226.77,2026-08-01,2026-08-07
adzuna_5789986156,Machine Learning Engineer Lead,LexisNexis,us,adzuna,https://www.adzuna.com/land/ad/5789986156?se=XGsnF6aS8RGlDuOngCclFw&utm_medium=api&utm_source=8413080e&v=028DED040984D93A0F0220B22542E38A41673676,179296.48,179296.48,2026-07-06,2026-08-07
adzuna_5827042167,"Machine Learning Engineer, Specialist",Vanguard,us,adzuna,https://www.adzuna.com/land/ad/5827042167?se=XGsnF6aS8RGlDuOngCclFw&utm_medium=api&utm_source=8413080e&v=B0069D8A4A5D25AC9B2EEEE9FBD1687C6D9E0590,102060.73,102060.73,2026-08-03,2026-08-07
adzuna_5828358867,"Manager, Machine Learning Engineer",Vanguard,us,adzuna,https://www.adzuna.com/land/ad/5828358867?se=XGsnF6aS8RGlDuOngCclFw&utm_medium=api&utm_source=8413080e&v=F1D8C145A24851694496F16ED8A61079CC234BC4,130965.86,130965.86,2026-08-04,2026-08-07
adzuna_5789986091,AI Machine Learning Engineer,Lockheed Martin - US,us,adzuna,https://www.adzuna.com/land/ad/5789986091?se=XGsnF6aS8RGlDuOngCclFw&utm_medium=api&utm_source=8413080e&v=6A82EF140FA2C53AB820D61A25C1091E305ABC0A,118372.65,118372.65,2026-07-06,2026-08-07
adzuna_5831229552,Data Analyst I,San Jacinto College,us,adzuna,https://www.adzuna.com/land/ad/5831229552?se=-KPM_KWS8RGOZItUbRfjpg&utm_medium=api&utm_source=8413080e&v=39D1342E4A6814962523CA25B361FF3199ADE4BF,75279.34,75279.34,2026-08-06,2026-08-07
adzuna_5826542905,Data Analyst III,CorVel Career Site,us,adzuna,https://www.adzuna.com/land/ad/5826542905?se=-KPM_KWS8RGOZItUbRfjpg&utm_medium=api&utm_source=8413080e&v=B0F608A46B82D1FC419E93C72D36EB799547A24D,64602.09,64602.09,2026-08-03,2026-08-07
adzuna_5831229706,Data Analyst II,S3,us,adzuna,https://www.adzuna.com/land/ad/5831229706?se=-KPM_KWS8RGOZItUbRfjpg&utm_medium=api&utm_source=8413080e&v=00F733296FCC3F61A1C16F81E3551FA13FA96158,83563.14,83563.14,2026-08-06,2026-08-07
adzuna_5829864297,HR Data Analyst,Job Details,us,adzuna,https://www.adzuna.com/land/ad/5829864297?se=-KPM_KWS8RGOZItUbRfjpg&utm_medium=api&utm_source=8413080e&v=D65E5CE2CC6DECAE94667D232A9E3EBF3BD81CCB,86645.58,86645.58,2026-08-05,2026-08-07
adzuna_5831229529,Sr. Data Analyst,Pinterest,us,adzuna,https://www.adzuna.com/land/ad/5831229529?se=-KPM_KWS8RGOZItUbRfjpg&utm_medium=api&utm_source=8413080e&v=878469C94E1283345AC8B93ACD4714A33DC7A3ED,134351.17,134351.17,2026-08-06,2026-08-07
adzuna_5210488537,"QA & Testing Analyst, AS",deutsche,gb,adzuna,https://www.adzuna.co.uk/jobs/details/5210488537?utm_medium=api&utm_source=8413080e,50867.57,50867.57,2025-05-22,2026-08-07
adzuna_5831903899,QA Test Analyst SFIA 4,TXP,gb,adzuna,https://www.adzuna.co.uk/jobs/details/5831903899?utm_medium=api&utm_source=8413080e,0.0,111800.0,2026-08-07,2026-08-07
adzuna_5812562795,QA Quality Assurance Analyst,InfoTrack UK,gb,adzuna,https://www.adzuna.co.uk/jobs/details/5812562795?utm_medium=api&utm_source=8413080e,25146.4,25146.4,2026-07-23,2026-08-07
adzuna_5817554720,QA Engineering Specialist,Randstad Technologies,gb,adzuna,https://www.adzuna.co.uk/jobs/land/ad/5817554720?se=IJkLFKGS8RGOZItUbRfjpg&utm_medium=api&utm_source=8413080e&v=ECFEA8FF7F7CE23970E7EF7D166D7BAB5370A0F6,143000.0,156000.0,2026-07-27,2026-08-07
adzuna_5804907441,Software Tester,MCS Group,gb,adzuna,https://www.adzuna.co.uk/jobs/land/ad/5804907441?se=VrCJFqGS8RG9ks23jnlnsA&utm_medium=api&utm_source=8413080e&v=A359347A594C044826F7C4244ACF3431093FEC02,30000.0,30000.0,2026-07-17,2026-08-07
adzuna_5831512911,Business Intelligence Analyst,Police Scotland,gb,adzuna,https://www.adzuna.co.uk/jobs/land/ad/5831512911?se=wAbw76CS8RGWPoJqQXFPnw&utm_medium=api&utm_source=8413080e&v=4E9E90D62B6995BAA401131D5F411CFDCADA0A26,35000.0,35000.0,2026-08-07,2026-08-07
adzuna_5816265999,Business Intelligence Developer,Teign Housing,gb,adzuna,https://www.adzuna.co.uk/jobs/land/ad/5816265999?se=wAbw76CS8RGWPoJqQXFPnw&utm_medium=api&utm_source=8413080e&v=9EB27A8F4BA8C05CD7C75419876FB9A2DBA75A9A,40000.0,40000.0,2026-07-26,2026-08-07
adzuna_5802507419,Business Intelligence Officer,Essential Employment,gb,adzuna,https://www.adzuna.co.uk/jobs/land/ad/5802507419?se=wAbw76CS8RGWPoJqQXFPnw&utm_medium=api&utm_source=8413080e&v=C82141B071660F3A6179F3402C5AAF3685C74F2D,36337.0,46030.0,2026-07-16,2026-08-07
adzuna_5811205956,Business Intelligence Developer,Sanderson,gb,adzuna,https://www.adzuna.co.uk/jobs/land/ad/5811205956?se=wAbw76CS8RGWPoJqQXFPnw&utm_medium=api&utm_source=8413080e&v=9AB52E559DBB135FE9A5B714ABDADA46DDE63A44,40000.0,45000.0,2026-07-22,2026-08-07
adzuna_5789988967,Business Intelligence Consultant,OneAdvanced,gb,adzuna,https://www.adzuna.co.uk/jobs/land/ad/5789988967?se=wAbw76CS8RGWPoJqQXFPnw&utm_medium=api&utm_source=8413080e&v=29B5F02E7165539DF94B67A26F4CAD2E494EA1F1,53657.02,53657.02,2026-07-06,2026-08-07
adzuna_5830574689,Business Intelligence Analyst,Police Scotland,gb,adzuna,https://www.adzuna.co.uk/jobs/land/ad/5830574689?se=wAbw76CS8RGWPoJqQXFPnw&utm_medium=api&utm_source=8413080e&v=9FA18B68AB8DF68D313542CF7D6AB584B80122DA,39590.0,,2026-08-06,2026-08-07
adzuna_5831881910,PL/SQL Developer,ARM,gb,adzuna,https://www.adzuna.co.uk/jobs/details/5831881910?utm_medium=api&utm_source=8413080e,48800.32,48800.32,2026-08-07,2026-08-07
adzuna_5746367668,Lead SQL Developer,Leonardo,gb,adzuna,https://www.adzuna.co.uk/jobs/details/5746367668?utm_medium=api&utm_source=8413080e,60986.38,60986.38,2026-05-31,2026-08-07
adzuna_5818225717,Senior Java / SQL Developer,Methods Business and Digital Technology,gb,adzuna,https://www.adzuna.co.uk/jobs/details/5818225717?utm_medium=api&utm_source=8413080e,69887.03,69887.03,2026-07-28,2026-08-07
adzuna_5210485979,Oracle PL/SQL Developer,Citi,gb,adzuna,https://www.adzuna.co.uk/jobs/details/5210485979?utm_medium=api&utm_source=8413080e,52428.8,52428.8,2025-05-22,2026-08-07
adzuna_5827031194,Business Intelligence Analyst,Renaissance Infpotech,gb,adzuna,https://www.adzuna.co.uk/jobs/details/5827031194?utm_medium=api&utm_source=8413080e,33000.0,38000.0,2026-08-03,2026-08-07
adzuna_5821880732,CPG/FMCG Business Intelligence Lead,Circana,gb,adzuna,https://www.adzuna.co.uk/jobs/land/ad/5821880732?se=wAbw76CS8RGWPoJqQXFPnw&utm_medium=api&utm_source=8413080e&v=A05117894C70B53FC4B27F9ADA00BC657FB4D858,82676.91,82676.91,2026-07-31,2026-08-07
adzuna_5822590529,Strategic Lead - Business Intelligence & Insight (Team Manager),Opus People Solutions,gb,adzuna,https://www.adzuna.co.uk/jobs/details/5822590529?utm_medium=api&utm_source=8413080e,61000.0,65000.0,2026-07-31,2026-08-07
adzuna_5800186369,Senior Business Intelligence Developer / Senior Data Engineer,Next Ltd,gb,adzuna,https://www.adzuna.co.uk/jobs/land/ad/5800186369?se=wAbw76CS8RGWPoJqQXFPnw&utm_medium=api&utm_source=8413080e&v=D342E9C7B45131B3E32AFA59E5940F62CDAFAC7E,65945.27,65945.27,2026-07-14,2026-08-07
adzuna_5809592319,Business Intelligence Manager,Indra Group UK & Ireland,gb,adzuna,https://www.adzuna.co.uk/jobs/details/5809592319?utm_medium=api&utm_source=8413080e,119290.13,119290.13,2026-07-21,2026-08-07
adzuna_5832254275,Business Intelligence Analyst,Barclays,gb,adzuna,https://www.adzuna.co.uk/jobs/land/ad/5832254275?se=wAbw76CS8RGWPoJqQXFPnw&utm_medium=api&utm_source=8413080e&v=813610FD16086E69027E7715A8F965FC1AF03C8F,41748.06,41748.06,2026-08-07,2026-08-07
adzuna_5822565125,Business Intelligence Analyst,Thurrock Council,gb,adzuna,https://www.adzuna.co.uk/jobs/land/ad/5822565125?se=wAbw76CS8RGWPoJqQXFPnw&utm_medium=api&utm_source=8413080e&v=3E2447ADF6D7063C7FF58E0005C841EA0786B2B0,45624.0,52038.0,2026-07-31,2026-08-07
adzuna_5809171033,Business Intelligence Analyst,OCS Group,gb,adzuna,https://www.adzuna.co.uk/jobs/land/ad/5809171033?se=wAbw76CS8RGWPoJqQXFPnw&utm_medium=api&utm_source=8413080e&v=CA0D3262981C866138DA59A8F660C3D6AD566A53,54873.12,54873.12,2026-07-21,2026-08-07
adzuna_5830786165,Business Intelligence Manager,Lloyds Bank,gb,adzuna,https://www.adzuna.co.uk/jobs/land/ad/5830786165?se=wAbw76CS8RGWPoJqQXFPnw&utm_medium=api&utm_source=8413080e&v=BD0983835B70AA7D2AB6FFE447850CF30EDE3B1C,67023.0,74470.0,2026-08-06,2026-08-07
adzuna_5121197146,Business Intelligence Executive,Zenergi,gb,adzuna,https://www.adzuna.co.uk/jobs/land/ad/5121197146?se=wAbw76CS8RGWPoJqQXFPnw&utm_medium=api&utm_source=8413080e&v=75FD6EA6AA7E6842FC72E63A719F2FDBF0E8AD6D,27000.0,30000.0,2025-04-01,2026-08-07
adzuna_5808180305,Data Analyst Trainee,ITOL Recruit,gb,adzuna,https://www.adzuna.co.uk/jobs/land/ad/5808180305?se=PLl8cYeS8RGht6FEOOV3rg&utm_medium=api&utm_source=8413080e&v=BA267000CCB3FBB8DFFDDC78277432AD32EB773E,30000.0,50000.0,2026-07-20,2026-08-07
adzuna_5829131501,Data Analyst,MCS Group,gb,adzuna,https://www.adzuna.co.uk/jobs/land/ad/5829131501?se=PLl8cYeS8RGht6FEOOV3rg&utm_medium=api&utm_source=8413080e&v=277D5901F1A15D41248C6A6D3695D38A76605A46,30000.0,30000.0,2026-08-05,2026-08-07
adzuna_5822628736,Data Analyst,HAYS Specialist Recruitment,gb,adzuna,https://www.adzuna.co.uk/jobs/land/ad/5822628736?se=PLl8cYeS8RGht6FEOOV3rg&utm_medium=api&utm_source=8413080e&v=52EC9D1116DF0E78946917AD7B14619BCD855F00,40000.0,40000.0,2026-07-31,2026-08-07
adzuna_5823507727,Data Analyst,Ofcom,gb,adzuna,https://www.adzuna.co.uk/jobs/land/ad/5823507727?se=PLl8cYeS8RGht6FEOOV3rg&utm_medium=api&utm_source=8413080e&v=6AF215D77FD42558595A4EC31104D7508F632DF4,26645.01,26645.01,2026-08-01,2026-08-07
adzuna_5808291874,Data Analyst,Express Solicitors,gb,adzuna,https://www.adzuna.co.uk/jobs/details/5808291874?utm_medium=api&utm_source=8413080e,40000.0,45000.0,2026-07-20,2026-08-07
adzuna_5832203991,Data Analyst,Arts & Humanities Research Council ,gb,adzuna,https://www.adzuna.co.uk/jobs/land/ad/5832203991?se=PLl8cYeS8RGht6FEOOV3rg&utm_medium=api&utm_source=8413080e&v=13AC412F216BADBAC4F96E220D59AA93334F5929,35000.0,35000.0,2026-08-07,2026-08-07
adzuna_5822589021,Data Analyst,Harnham - Data & Analytics Recruitment,gb,adzuna,https://www.adzuna.co.uk/jobs/details/5822589021?utm_medium=api&utm_source=8413080e,50000.0,54000.0,2026-07-31,2026-08-07
adzuna_5817419816,Data Analyst,G-Research,gb,adzuna,https://www.adzuna.co.uk/jobs/land/ad/5817419816?se=PLl8cYeS8RGht6FEOOV3rg&utm_medium=api&utm_source=8413080e&v=CA98D1414D5AFFB28C9DB0FCFDF01FE560D771A5,51993.86,51993.86,2026-07-27,2026-08-07
adzuna_5818756002,Master Data Analyst,MCS Group,gb,adzuna,https://www.adzuna.co.uk/jobs/land/ad/5818756002?se=PLl8cYeS8RGht6FEOOV3rg&utm_medium=api&utm_source=8413080e&v=8A30B46773F4DAC9F32478E128D77173FE116F28,40000.0,40000.0,2026-07-28,2026-08-07
adzuna_5818755973,Data Analyst - Manufacturing,VANRATH,gb,adzuna,https://www.adzuna.co.uk/jobs/land/ad/5818755973?se=PLl8cYeS8RGht6FEOOV3rg&utm_medium=api&utm_source=8413080e&v=10D72293EFB461C42B7B89CA9BA1E50C6B6E6D3F,30000.0,30000.0,2026-07-28,2026-08-07
adzuna_5821891822,Finance Data Analyst,Northern Ireland Housing Executive,gb,adzuna,https://www.adzuna.co.uk/jobs/land/ad/5821891822?se=PLl8cYeS8RGht6FEOOV3rg&utm_medium=api&utm_source=8413080e&v=D640F33FCAB74EFA950ACAC759C090F72B8BDEEF,30000.0,30000.0,2026-07-31,2026-08-07
adzuna_5829374055,Data Analyst,red recruitment,gb,adzuna,https://www.adzuna.co.uk/jobs/land/ad/5829374055?se=PLl8cYeS8RGht6FEOOV3rg&utm_medium=api&utm_source=8413080e&v=091DACFE77A25B600D5B590DC18224A520C82A26,31200.0,31200.0,2026-08-05,2026-08-07
adzuna_5818783088,Data Analyst,Sphere Digital Recruitment,gb,adzuna,https://www.adzuna.co.uk/jobs/details/5818783088?utm_medium=api&utm_source=8413080e,50000.0,50000.0,2026-07-28,2026-08-07
adzuna_5828166797,Data Analyst,Opencast Software,gb,adzuna,https://www.adzuna.co.uk/jobs/land/ad/5828166797?se=PLl8cYeS8RGht6FEOOV3rg&utm_medium=api&utm_source=8413080e&v=0525724B14A45E25B10AEE781A0B6361853EF5BC,53910.09,53910.09,2026-08-04,2026-08-07
adzuna_5823562275,Data Analyst,Solirius Reply,gb,adzuna,https://www.adzuna.co.uk/jobs/land/ad/5823562275?se=PLl8cYeS8RGht6FEOOV3rg&utm_medium=api&utm_source=8413080e&v=54831A28DC8D23A08D643D69753ECA08C359BD43,59407.18,59407.18,2026-08-01,2026-08-07
adzuna_5789988738,Data Analyst,Opencast Software,gb,adzuna,https://www.adzuna.co.uk/jobs/land/ad/5789988738?se=PLl8cYeS8RGht6FEOOV3rg&utm_medium=api&utm_source=8413080e&v=3D7CD051C0291A8413B9A21BAEF6A325045DC66C,49983.61,49983.61,2026-07-06,2026-08-07
adzuna_5814310276,Finance Data Analyst,Marc Daniels,gb,adzuna,https://www.adzuna.co.uk/jobs/details/5814310276?utm_medium=api&utm_source=8413080e,60000.0,70000.0,2026-07-24,2026-08-07
adzuna_5822588059,Finance Data Analyst,Michael Page Finance,gb,adzuna,https://www.adzuna.co.uk/jobs/details/5822588059?utm_medium=api&utm_source=8413080e,29000.0,34000.0,2026-07-31,2026-08-07
adzuna_5822590327,Commissions Data Analyst,Santander Consumer Finance,gb,adzuna,https://www.adzuna.co.uk/jobs/details/5822590327?utm_medium=api&utm_source=8413080e,38267.85,38267.85,2026-07-31,2026-08-07
adzuna_5814154911,Master Data Analyst,We Do Group,gb,adzuna,https://www.adzuna.co.uk/jobs/details/5814154911?utm_medium=api&utm_source=8413080e,34000.0,38000.0,2026-07-24,2026-08-07
adzuna_5807302172,DATA ANALYST,EverIT Solutions Limited,gb,adzuna,https://www.adzuna.co.uk/jobs/details/5807302172?utm_medium=api&utm_source=8413080e,31000.0,31000.0,2026-07-19,2026-08-07
adzuna_5828117185,Finance Data Analyst,Gibson Hollyhomes,gb,adzuna,https://www.adzuna.co.uk/jobs/details/5828117185?utm_medium=api&utm_source=8413080e,30000.0,40000.0,2026-08-04,2026-08-07
adzuna_5829585484,Finance Data Analyst,Orka Financial,gb,adzuna,https://www.adzuna.co.uk/jobs/details/5829585484?utm_medium=api&utm_source=8413080e,30000.0,35000.0,2026-08-05,2026-08-07
adzuna_5829131575,Supply Chain Data Analyst,Airbus,gb,adzuna,https://www.adzuna.co.uk/jobs/land/ad/5829131575?se=RB1Qc4eS8RG9ks23jnlnsA&utm_medium=api&utm_source=8413080e&v=CCD51D99E979295B8134CA977648306F64A4D277,37059.11,37059.11,2026-08-05,2026-08-07
adzuna_5811205837,Data Analyst,Harnham - Data & Analytics Recruitment,gb,adzuna,https://www.adzuna.co.uk/jobs/land/ad/5811205837?se=RB1Qc4eS8RG9ks23jnlnsA&utm_medium=api&utm_source=8413080e&v=85D2F37B5568ACA9058E650382B37A1DEF0C3591,50000.0,55000.0,2026-07-22,2026-08-07
adzuna_5814229171,Data Analyst,AWD online,gb,adzuna,https://www.adzuna.co.uk/jobs/land/ad/5814229171?se=RB1Qc4eS8RG9ks23jnlnsA&utm_medium=api&utm_source=8413080e&v=25A50756B50196CB9B5475F2BA8020E0A62FB778,28505.0,34613.0,2026-07-24,2026-08-07
adzuna_5810670554,Trainee Data Analyst,ITOL Recruit,gb,adzuna,https://www.adzuna.co.uk/jobs/land/ad/5810670554?se=RB1Qc4eS8RG9ks23jnlnsA&utm_medium=api&utm_source=8413080e&v=1FC97A8EA3E0467912C395C14E01FF64EC817AD2,30000.0,50000.0,2026-07-22,2026-08-07
adzuna_5810671047,Data Analyst Trainee,ITOL Recruit,gb,adzuna,https://www.adzuna.co.uk/jobs/land/ad/5810671047?se=RB1Qc4eS8RG9ks23jnlnsA&utm_medium=api&utm_source=8413080e&v=4D95B6345E213527270BB863D485C16645C19FC9,30000.0,50000.0,2026-07-22,2026-08-07
adzuna_5807960992,Data Analyst Trainee,ITOL Recruit,gb,adzuna,https://www.adzuna.co.uk/jobs/land/ad/5807960992?se=RB1Qc4eS8RG9ks23jnlnsA&utm_medium=api&utm_source=8413080e&v=775000AE023FE1AD7E56EF2B90C945250A999CE3,30000.0,50000.0,2026-07-20,2026-08-07
adzuna_5807966369,Data Analyst Trainee,ITOL Recruit,gb,adzuna,https://www.adzuna.co.uk/jobs/land/ad/5807966369?se=RB1Qc4eS8RG9ks23jnlnsA&utm_medium=api&utm_source=8413080e&v=BF7A0FD46B57C1123656FF95792BCC1847D73A6C,30000.0,50000.0,2026-07-20,2026-08-07
adzuna_5809349019,Data Analyst Trainee,ITOL Recruit,gb,adzuna,https://www.adzuna.co.uk/jobs/land/ad/5809349019?se=RB1Qc4eS8RG9ks23jnlnsA&utm_medium=api&utm_source=8413080e&v=38DB3E4AD8DC9E92491E4C7C880A1F8F989F1138,30000.0,50000.0,2026-07-21,2026-08-07
adzuna_5826618703,Business Analyst,FDM Group,gb,adzuna,https://www.adzuna.co.uk/jobs/details/5826618703?utm_medium=api&utm_source=8413080e,36435.77,36435.77,2026-08-03,2026-08-07
adzuna_5826615983,Business Analyst,FDM Group,gb,adzuna,https://www.adzuna.co.uk/jobs/details/5826615983?utm_medium=api&utm_source=8413080e,37580.43,37580.43,2026-08-03,2026-08-07
adzuna_5830499747,Technical Business Analyst,MCS Group,gb,adzuna,https://www.adzuna.co.uk/jobs/land/ad/5830499747?se=NhzK2qCS8RGWPoJqQXFPnw&utm_medium=api&utm_source=8413080e&v=E2B15FD69298259ADE38917CDBDAADD33FB31565,50000.0,50000.0,2026-08-06,2026-08-07
adzuna_5832275194,Business Analyst,Harnham - Data & Analytics Recruitment,gb,adzuna,https://www.adzuna.co.uk/jobs/details/5832275194?utm_medium=api&utm_source=8413080e,60000.0,80000.0,2026-08-07,2026-08-07
adzuna_5829116450,Business Analyst,Reed Talent Solutions,gb,adzuna,https://www.adzuna.co.uk/jobs/details/5829116450?utm_medium=api&utm_source=8413080e,40000.0,50000.0,2026-08-05,2026-08-07
adzuna_5808180311,Business Analyst Trainee,ITOL Recruit,gb,adzuna,https://www.adzuna.co.uk/jobs/land/ad/5808180311?se=NhzK2qCS8RGWPoJqQXFPnw&utm_medium=api&utm_source=8413080e&v=426F7357676F34A579C29DB9610E4975F330FC00,30000.0,39000.0,2026-07-20,2026-08-07
adzuna_5826795186,Principal Business Analyst,Kensington Mortgage Company,gb,adzuna,https://www.adzuna.co.uk/jobs/land/ad/5826795186?se=NhzK2qCS8RGWPoJqQXFPnw&utm_medium=api&utm_source=8413080e&v=98503A1755D2DD54CF7277A333F5342F4C3FDAB0,82585.66,82585.66,2026-08-03,2026-08-07
adzuna_5829381622,Business Analyst,Ocho,gb,adzuna,https://www.adzuna.co.uk/jobs/land/ad/5829381622?se=NhzK2qCS8RGWPoJqQXFPnw&utm_medium=api&utm_source=8413080e&v=6739A9EB38A9DED315BDDE374C7AC921865CE3E8,45000.0,45000.0,2026-08-05,2026-08-07
adzuna_5826821734,Business Analyst,MCS Group,gb,adzuna,https://www.adzuna.co.uk/jobs/land/ad/5826821734?se=NhzK2qCS8RGWPoJqQXFPnw&utm_medium=api&utm_source=8413080e&v=E10E5032FD6FA971E81C9A0C2E0403171FB2196D,35000.0,35000.0,2026-08-03,2026-08-07
adzuna_5829381664,Business Analyst,3173 Company Limited,gb,adzuna,https://www.adzuna.co.uk/jobs/land/ad/5829381664?se=NhzK2qCS8RGWPoJqQXFPnw&utm_medium=api&utm_source=8413080e&v=7E43C69B42A8A4598DAEF4CADCF5417D4E51FEE0,54837.7,54837.7,2026-08-05,2026-08-07
adzuna_5817569620,Business Analyst,HAYS Specialist Recruitment,gb,adzuna,https://www.adzuna.co.uk/jobs/land/ad/5817569620?se=NhzK2qCS8RGWPoJqQXFPnw&utm_medium=api&utm_source=8413080e&v=574FC5BEF8080CAB5FA1A61C8D2EC2AFD9FD2CA3,73376.0,73376.0,2026-07-27,2026-08-07
adzuna_5829131537,Business Analyst,TP ICAP Group Services Ltd,gb,adzuna,https://www.adzuna.co.uk/jobs/land/ad/5829131537?se=NhzK2qCS8RGWPoJqQXFPnw&utm_medium=api&utm_source=8413080e&v=D71F675DB510172388CD6E46AB16313C7EF9CC6B,55710.67,55710.67,2026-08-05,2026-08-07
adzuna_5812034279,Business Analyst,Fieldfisher,gb,adzuna,https://www.adzuna.co.uk/jobs/land/ad/5812034279?se=NhzK2qCS8RGWPoJqQXFPnw&utm_medium=api&utm_source=8413080e&v=E5A77E32E6EAEE6FC61D2BF0EF1443A4D623A175,35574.67,35574.67,2026-07-23,2026-08-07
adzuna_5827616450,Technical Business Analyst,Anson Mccade,gb,adzuna,https://www.adzuna.co.uk/jobs/land/ad/5827616450?se=NhzK2qCS8RGWPoJqQXFPnw&utm_medium=api&utm_source=8413080e&v=2E0DA4C9E086BC61AD7791E713711150C2D0B43E,55000.0,55000.0,2026-08-04,2026-08-07
adzuna_5813916742,Business Analyst,Anson Mccade,gb,adzuna,https://www.adzuna.co.uk/jobs/land/ad/5813916742?se=NhzK2qCS8RGWPoJqQXFPnw&utm_medium=api&utm_source=8413080e&v=B7817D370BDE090F69B5FB415939FD68D3ADB251,55000.0,55000.0,2026-07-24,2026-08-07
adzuna_5831838072,Junior Bi Analyst with Powerbi and Sql,SynergisticIT,us,adzuna,https://www.adzuna.com/land/ad/5831838072?se=OG3VjbKS8RGOZItUbRfjpg&utm_medium=api&utm_source=8413080e&v=11AABDF03A50F490D29B8C550B090A7153387856,179262.97,179262.97,2026-08-07,2026-08-07
adzuna_5828394726,Database Administrator,Apex Systems,us,adzuna,https://www.adzuna.com/land/ad/5828394726?se=Uo1_lbKS8RG9ks23jnlnsA&utm_medium=api&utm_source=8413080e&v=96DFB5CD86D85C7DEE8717515079202CB544D78E,83422.52,83422.52,2026-08-04,2026-08-07
adzuna_5769926454,Database Administrator,Prabhav Services Inc,us,adzuna,https://www.adzuna.com/land/ad/5769926454?se=Uo1_lbKS8RG9ks23jnlnsA&utm_medium=api&utm_source=8413080e&v=6CC9191C7721FB305BD78398780FF096BF164BAB,89504.85,89504.85,2026-06-19,2026-08-07
adzuna_5831815973,Python Developer,BC Forward,us,adzuna,https://www.adzuna.com/land/ad/5831815973?se=fkpzn7KS8RG9ks23jnlnsA&utm_medium=api&utm_source=8413080e&v=F5443349F95D2316E64DE7865D533C0BE79760F8,78633.9,78633.9,2026-08-07,2026-08-07
adzuna_5831815181,Senior Python Developer / Python Quant Developer,BC Forward,us,adzuna,https://www.adzuna.com/land/ad/5831815181?se=fkpzn7KS8RG9ks23jnlnsA&utm_medium=api&utm_source=8413080e&v=B1D21FD9F945E35E51055932ABA2E6C29E398C9C,131873.5,131873.5,2026-08-07,2026-08-07
adzuna_5831819200,BI Consultant and Tableau Developer (Tool Engineer),TeleWorld Solutions,us,adzuna,https://www.adzuna.com/land/ad/5831819200?se=CuCWEaaS8RGlDuOngCclFw&utm_medium=api&utm_source=8413080e&v=95B9FE41728B3F7143BE233179DB924470E90873,194186.95,194186.95,2026-08-07,2026-08-07
adzuna_5826298498,System Administrator (Tableau Developer) Job750 with Security Clearance,Allen Integrated Solutions LLC,us,adzuna,https://www.adzuna.com/land/ad/5826298498?se=CuCWEaaS8RGlDuOngCclFw&utm_medium=api&utm_source=8413080e&v=A828508432CAA9B7DB82253A171E2E994F39FBD1,96599.02,96599.02,2026-08-02,2026-08-07
adzuna_5829802603,Tableau Developer,Tek Ninjas,us,adzuna,https://www.adzuna.com/details/5829802603?utm_medium=api&utm_source=8413080e,93146.33,93146.33,2026-08-05,2026-08-07
adzuna_5827173230,Tableau Developer,Conch Technologies Inc,us,adzuna,https://www.adzuna.com/details/5827173230?utm_medium=api&utm_source=8413080e,123916.66,123916.66,2026-08-03,2026-08-07
adzuna_5829802202,Tableau Developer,Sumeru Solutions,us,adzuna,https://www.adzuna.com/details/5829802202?utm_medium=api&utm_source=8413080e,84382.22,84382.22,2026-08-05,2026-08-07
adzuna_5832274016,QA Analyst III,Akidev Corporation,us,adzuna,https://www.adzuna.com/land/ad/5832274016?se=tknoGKaS8RGlDuOngCclFw&utm_medium=api&utm_source=8413080e&v=FED5D940A313CC651E41B415CF2690A508C5879F,58480.13,58480.13,2026-08-07,2026-08-07
adzuna_5832012896,QA Analyst- Hybrid,ApTask Global Workforce,us,adzuna,https://www.adzuna.com/land/ad/5832012896?se=tknoGKaS8RGlDuOngCclFw&utm_medium=api&utm_source=8413080e&v=67DF3EE7EFBFC57A7D1F8319BB40272E3F066476,75333.27,75333.27,2026-08-07,2026-08-07
adzuna_5802825286,QA Analyst I,Apex Systems,us,adzuna,https://www.adzuna.com/land/ad/5802825286?se=tknoGKaS8RGlDuOngCclFw&utm_medium=api&utm_source=8413080e&v=DB281D3E0685D763C7A087C906A87D87C1300323,49843.23,49843.23,2026-07-16,2026-08-07
adzuna_5804002605,QA Analyst lll,Keesler Federal Credit Union,us,adzuna,https://www.adzuna.com/land/ad/5804002605?se=tknoGKaS8RGlDuOngCclFw&utm_medium=api&utm_source=8413080e&v=4588E6B22B3960A6DC82EF87F2ABE922AA75D086,80950.78,80950.78,2026-07-16,2026-08-07
adzuna_5761510677,Salesforce QA Analyst,Spruce Technology Inc.,us,adzuna,https://www.adzuna.com/land/ad/5761510677?se=tknoGKaS8RGlDuOngCclFw&utm_medium=api&utm_source=8413080e&v=C0EB7B1F7EE036D3913802D8AE88CA5F7FC37080,71538.02,71538.02,2026-06-12,2026-08-07
adzuna_5804500064,Data Scientist,Lendable,gb,adzuna,https://www.adzuna.co.uk/jobs/land/ad/5804500064?se=5nB0CKGS8RG9ks23jnlnsA&utm_medium=api&utm_source=8413080e&v=22C72C81CEA290BA62A53CB91A91DD0DC715AA3D,37638.11,37638.11,2026-07-17,2026-08-07
adzuna_5814254986,Data Scientist,Leonardo,gb,adzuna,https://www.adzuna.co.uk/jobs/land/ad/5814254986?se=5nB0CKGS8RG9ks23jnlnsA&utm_medium=api&utm_source=8413080e&v=863D3BC21DBDA081F0347BF16B25E797687E84CC,68941.27,68941.27,2026-07-24,2026-08-07
adzuna_5817416382,Senior Data Scientist,Harnham - Data & Analytics Recruitment,gb,adzuna,https://www.adzuna.co.uk/jobs/details/5817416382?utm_medium=api&utm_source=8413080e,70000.0,75000.0,2026-07-27,2026-08-07
adzuna_5784760626,eDV Data Scientist,NSD,gb,adzuna,https://www.adzuna.co.uk/jobs/land/ad/5784760626?se=5nB0CKGS8RG9ks23jnlnsA&utm_medium=api&utm_source=8413080e&v=5034FDDDC875E69B7918A4F0CF9D61DA1373021E,95000.0,95000.0,2026-07-02,2026-08-07
adzuna_5828354501,Senior Data Scientist,Yorkshire Water,gb,adzuna,https://www.adzuna.co.uk/jobs/land/ad/5828354501?se=5nB0CKGS8RG9ks23jnlnsA&utm_medium=api&utm_source=8413080e&v=360E1C6D7597765FD3A693942A7539E47012A16F,53394.64,53394.64,2026-08-04,2026-08-07
adzuna_5827608469,Senior Data Scientist,Harnham - Data & Analytics Recruitment,gb,adzuna,https://www.adzuna.co.uk/jobs/details/5827608469?utm_medium=api&utm_source=8413080e,60000.0,75000.0,2026-08-04,2026-08-07
adzuna_5830868211,Senior Manager of Data Science,WRK DIGITAL LTD,gb,adzuna,https://www.adzuna.co.uk/jobs/land/ad/5830868211?se=5nB0CKGS8RG9ks23jnlnsA&utm_medium=api&utm_source=8413080e&v=6DCA68A12DC08D361A2EC373E167A30E9D1B5991,100000.0,100000.0,2026-08-06,2026-08-07
adzuna_5808335552,Data Science Analyst - Contract,VANRATH,gb,adzuna,https://www.adzuna.co.uk/jobs/land/ad/5808335552?se=5nB0CKGS8RG9ks23jnlnsA&utm_medium=api&utm_source=8413080e&v=337FAC20B9051967E5C4BE664D68D4DD9BDCC0A5,60000.0,60000.0,2026-07-20,2026-08-07
adzuna_5822247058,Senior Product Data Scientist,Datatech Analytics,gb,adzuna,https://www.adzuna.co.uk/jobs/land/ad/5822247058?se=5nB0CKGS8RG9ks23jnlnsA&utm_medium=api&utm_source=8413080e&v=BE55F4885DA5390C40400E8BF390ECD1782963DC,90000.0,90000.0,2026-07-31,2026-08-07
adzuna_5809484044,Principal Machine Learning Engineer (Live Sports Insights),Sky,gb,adzuna,https://www.adzuna.co.uk/jobs/land/ad/5809484044?se=KB14DKGS8RG9ks23jnlnsA&utm_medium=api&utm_source=8413080e&v=34CE15A61197D5C2623A4FA137A0E4C0D10A0808,84184.73,84184.73,2026-07-21,2026-08-07
adzuna_5823138462,Machine Learning Engineer,MCS Group,gb,adzuna,https://www.adzuna.co.uk/jobs/land/ad/5823138462?se=KB14DKGS8RG9ks23jnlnsA&utm_medium=api&utm_source=8413080e&v=5E2B868E38874B2095D2C73F1E583FB87CB6C8BF,60000.0,60000.0,2026-08-01,2026-08-07
adzuna_5830015285,Embedded Machine Learning Engineer,KO2 Embedded Recruitment Solutions LTD,gb,adzuna,https://www.adzuna.co.uk/jobs/land/ad/5830015285?se=KB14DKGS8RG9ks23jnlnsA&utm_medium=api&utm_source=8413080e&v=602DE537E723A8CA76CBBD805AAE09557ED49DCC,70000.0,70000.0,2026-08-06,2026-08-07
adzuna_5827849883,Machine Learning Engineer,Method Resourcing,gb,adzuna,https://www.adzuna.co.uk/jobs/details/5827849883?utm_medium=api&utm_source=8413080e,60000.0,70000.0,2026-08-04,2026-08-07
adzuna_5831706298,Machine Learning Engineer,Method-Resourcing,gb,adzuna,https://www.adzuna.co.uk/jobs/land/ad/5831706298?se=KB14DKGS8RG9ks23jnlnsA&utm_medium=api&utm_source=8413080e&v=7597FC91BACE6002E6C04C0E07A3AF3169212838,70000.0,70000.0,2026-08-07,2026-08-07
adzuna_5805497716,Machine Learning Engineer,ECM Selection Ltd.,gb,adzuna,https://www.adzuna.co.uk/jobs/land/ad/5805497716?se=KB14DKGS8RG9ks23jnlnsA&utm_medium=api&utm_source=8413080e&v=31EB13AF0F0782FCC3D6653AD02F63BBA99123FF,70000.0,70000.0,2026-07-18,2026-08-07
adzuna_5830421725,Machine Learning Engineer,Sanderson,gb,adzuna,https://www.adzuna.co.uk/jobs/land/ad/5830421725?se=KB14DKGS8RG9ks23jnlnsA&utm_medium=api&utm_source=8413080e&v=554255D92E76CCED9007CA4309482438DCC5B98D,182000.0,195000.0,2026-08-06,2026-08-07
adzuna_5831705980,Machine Learning Engineer,Barclays,gb,adzuna,https://www.adzuna.co.uk/jobs/land/ad/5831705980?se=KB14DKGS8RG9ks23jnlnsA&utm_medium=api&utm_source=8413080e&v=E476E9D9214601CF5080E504EA13CD423B1D9DEA,62654.28,62654.28,2026-08-07,2026-08-07
adzuna_5793826945,Machine Learning Engineer,Kingfisher,gb,adzuna,https://www.adzuna.co.uk/jobs/land/ad/5793826945?se=KB14DKGS8RG9ks23jnlnsA&utm_medium=api&utm_source=8413080e&v=103D46AFF61AF19CD45ED16C49336FB66717667E,59019.91,59019.91,2026-07-09,2026-08-07
adzuna_5813502589,Machine Learning Engineer,Baringa Partners,gb,adzuna,https://www.adzuna.co.uk/jobs/land/ad/5813502589?se=KB14DKGS8RG9ks23jnlnsA&utm_medium=api&utm_source=8413080e&v=6EB8EA1646A86BC7A4DD7CAD41C336901A6ACE15,66094.94,66094.94,2026-07-24,2026-08-07
adzuna_5830845212,MLE- Machine Learning Engineer,Sanderson,gb,adzuna,https://www.adzuna.co.uk/jobs/land/ad/5830845212?se=KB14DKGS8RG9ks23jnlnsA&utm_medium=api&utm_source=8413080e&v=0C97F6DD6E1F533CC9304F3224556D51356BA76D,182000.0,195000.0,2026-08-06,2026-08-07
adzuna_5821686371,PL/SQL Developer,Apex Systems,us,adzuna,https://www.adzuna.com/land/ad/5821686371?se=BipwBqaS8RG9ks23jnlnsA&utm_medium=api&utm_source=8413080e&v=155F214FE9BE86CA9FBE6C5ECF0EC680BEF7E355,88093.52,88093.52,2026-07-30,2026-08-07
adzuna_5683625411,Azure SQL Developer,"iSpace, Inc",us,adzuna,https://www.adzuna.com/land/ad/5683625411?se=BipwBqaS8RG9ks23jnlnsA&utm_medium=api&utm_source=8413080e&v=906CC2F2EECFF2FBCC2E03A068C9F6BB9F61CDEF,137347.4,137347.4,2026-03-30,2026-08-07
adzuna_5811474347,SQL Developer/DBA,Visionsoft International,us,adzuna,https://www.adzuna.com/land/ad/5811474347?se=BipwBqaS8RG9ks23jnlnsA&utm_medium=api&utm_source=8413080e&v=81F3037F521652E0502D5B4C2C286261259A4414,115627.9,115627.9,2026-07-22,2026-08-07
adzuna_5776564752,Senior SQL Developer,"iSpace, Inc",us,adzuna,https://www.adzuna.com/land/ad/5776564752?se=BipwBqaS8RG9ks23jnlnsA&utm_medium=api&utm_source=8413080e&v=99ED65314981868283103CD5B77501B0441FF494,145114.69,145114.69,2026-06-25,2026-08-07
adzuna_5795650214,Senior SQL Developer,Apex Systems,us,adzuna,https://www.adzuna.com/land/ad/5795650214?se=BipwBqaS8RG9ks23jnlnsA&utm_medium=api&utm_source=8413080e&v=A95C86A67EA72B344C299EFB05C03F037CC4B155,86949.61,86949.61,2026-07-10,2026-08-07
adzuna_5821686379,SAS/SQL Developer,Apex Systems,us,adzuna,https://www.adzuna.com/land/ad/5821686379?se=BipwBqaS8RG9ks23jnlnsA&utm_medium=api&utm_source=8413080e&v=2BF669454972E2E9E14DB72CA6F24F44F3B9E929,76574.35,76574.35,2026-07-30,2026-08-07
adzuna_5827982224,PL SQL Developer,Global Sumi Technologies Inc,us,adzuna,https://www.adzuna.com/land/ad/5827982224?se=BipwBqaS8RG9ks23jnlnsA&utm_medium=api&utm_source=8413080e&v=911F8BDBD81D50783A53E45809FBE32DCEA490AE,108189.59,108189.59,2026-08-04,2026-08-07
adzuna_5793654147,SQL Developer,Insight Global,us,adzuna,https://www.adzuna.com/land/ad/5793654147?se=BipwBqaS8RG9ks23jnlnsA&utm_medium=api&utm_source=8413080e&v=A2CFB2C9B86DDCFCB98B335E0671B5B960E6E38F,94638.34,94638.34,2026-07-08,2026-08-07
adzuna_5828655542,SQL Developer,ManpowerGroup,us,adzuna,https://www.adzuna.com/land/ad/5828655542?se=BipwBqaS8RG9ks23jnlnsA&utm_medium=api&utm_source=8413080e&v=8215AEB42DD77385A59667C17E9559599AE9BAC6,167819.84,167819.84,2026-08-04,2026-08-07
adzuna_5817560236,IT Database Administrator,First Horizon Bank,us,adzuna,https://www.adzuna.com/land/ad/5817560236?se=tHdoCKaS8RGWPoJqQXFPnw&utm_medium=api&utm_source=8413080e&v=BAE0FA9E0F1F6A4E915CD05571CE9CD0D0CD0A60,113240.05,113240.05,2026-07-27,2026-08-07
adzuna_5797150941,Data Engineer,MANTECH,us,adzuna,https://www.adzuna.com/land/ad/5797150941?se=XI3LCqaS8RGWPoJqQXFPnw&utm_medium=api&utm_source=8413080e&v=06A0944A528E67F367E11619AAEC60696B958B59,167762.39,167762.39,2026-07-11,2026-08-07
adzuna_5797149623,Data Engineering Manager,Kohler,us,adzuna,https://www.adzuna.com/land/ad/5797149623?se=XI3LCqaS8RGWPoJqQXFPnw&utm_medium=api&utm_source=8413080e&v=87A2C14BC208C178EBD8CA7C6BDB3DA3ADA46A83,125000.0,155000.0,2026-07-11,2026-08-07
adzuna_5818627593,"Software Development Manager, Amazon Security Data Engineering",Amazon.com Services LLC,us,adzuna,https://www.adzuna.com/land/ad/5818627593?se=XI3LCqaS8RGWPoJqQXFPnw&utm_medium=api&utm_source=8413080e&v=9A4DDF62348C6CDF6716AB8D70689BF8C26AAEC6,169522.19,169522.19,2026-07-28,2026-08-07
adzuna_5832287065,Data Engineer,TEKsystems,us,adzuna,https://www.adzuna.com/land/ad/5832287065?se=XI3LCqaS8RGWPoJqQXFPnw&utm_medium=api&utm_source=8413080e&v=B6F3B246C3C8EFF1B6BA07122BA3F19776D94ADF,121070.49,121070.49,2026-08-07,2026-08-07
adzuna_5730842834,Data Engineer,"Judge Group, Inc.",us,adzuna,https://www.adzuna.com/land/ad/5730842834?se=XI3LCqaS8RGWPoJqQXFPnw&utm_medium=api&utm_source=8413080e&v=65A6996EFB7F0AF31E5B708619AC2AE1E909FB6C,145914.44,145914.44,2026-05-15,2026-08-07
adzuna_5791193182,ETL Developer,9th Way Insignia,us,adzuna,https://www.adzuna.com/land/ad/5791193182?se=pvawDaaS8RGOZItUbRfjpg&utm_medium=api&utm_source=8413080e&v=93BCD8D3544C09492A2CC6C2298C0A697F552810,150368.48,150368.48,2026-07-07,2026-08-07
adzuna_5811202108,ETL Developer,Cliff Services Inc,us,adzuna,https://www.adzuna.com/land/ad/5811202108?se=pvawDaaS8RGOZItUbRfjpg&utm_medium=api&utm_source=8413080e&v=020A066D197CA2FCBC9247319AF212B48246191A,76578.59,76578.59,2026-07-22,2026-08-07
adzuna_5831231467,ETL Developer,QUANTUM TECHNOLOGIES LLC,us,adzuna,https://www.adzuna.com/land/ad/5831231467?se=pvawDaaS8RGOZItUbRfjpg&utm_medium=api&utm_source=8413080e&v=C0C0C36686E0E3B2C72132C48AF45F37898645E1,158833.64,158833.64,2026-08-06,2026-08-07
adzuna_5828149964,ETL Developer,"Innova Solutions, Inc",us,adzuna,https://www.adzuna.com/land/ad/5828149964?se=pvawDaaS8RGOZItUbRfjpg&utm_medium=api&utm_source=8413080e&v=9417FD614F0ACF9A9BB0B54531F680402BD8DF3E,59057.46,59057.46,2026-08-04,2026-08-07
adzuna_5814241728,ETL Developer,Futuremindz llc,us,adzuna,https://www.adzuna.com/land/ad/5814241728?se=pvawDaaS8RGOZItUbRfjpg&utm_medium=api&utm_source=8413080e&v=06998E7D2922668560D4F8C16C5DCA7F14ABC993,122968.4,122968.4,2026-07-24,2026-08-07
adzuna_5832272443,ETL Developer,"York Solutions, LLC",us,adzuna,https://www.adzuna.com/land/ad/5832272443?se=pvawDaaS8RGOZItUbRfjpg&utm_medium=api&utm_source=8413080e&v=B894B5C67344F933693CDBF603336C5B799F3B7F,96640.67,96640.67,2026-08-07,2026-08-07
adzuna_5830785909,Financial Reporting Analyst,Orka Financial Vacancies,gb,adzuna,https://www.adzuna.co.uk/jobs/details/5830785909?utm_medium=api&utm_source=8413080e,35000.0,37000.0,2026-08-06,2026-08-07
adzuna_5733922323,Finance Reporting Analyst,Compleat Food Group,gb,adzuna,https://www.adzuna.co.uk/jobs/details/5733922323?utm_medium=api&utm_source=8413080e,45096.13,45096.13,2026-05-19,2026-08-07
adzuna_5782089933,Financial Reporting Analyst,DF Capital,gb,adzuna,https://www.adzuna.co.uk/jobs/details/5782089933?utm_medium=api&utm_source=8413080e,56243.12,56243.12,2026-06-30,2026-08-07
adzuna_5820181100,Regulatory Reporting Analyst,DF Capital,gb,adzuna,https://www.adzuna.co.uk/jobs/details/5820181100?utm_medium=api&utm_source=8413080e,52556.31,52556.31,2026-07-29,2026-08-07
adzuna_5814247181,Reporting Analyst - Defence,Turner & Townsend,gb,adzuna,https://www.adzuna.co.uk/jobs/details/5814247181?utm_medium=api&utm_source=8413080e,49418.19,49418.19,2026-07-24,2026-08-07
adzuna_5794246559,Senior Reporting Analyst,PoloWorks,gb,adzuna,https://www.adzuna.co.uk/jobs/details/5794246559?utm_medium=api&utm_source=8413080e,72991.84,72991.84,2026-07-09,2026-08-07
adzuna_5754568464,Senior Reporting Analyst,PoloWorks,gb,adzuna,https://www.adzuna.co.uk/jobs/details/5754568464?utm_medium=api&utm_source=8413080e,60838.37,60838.37,2026-06-06,2026-08-07
adzuna_5210488106,Data Analytics-Analyst,jpmorgan,gb,adzuna,https://www.adzuna.co.uk/jobs/details/5210488106?utm_medium=api&utm_source=8413080e,40279.03,40279.03,2025-05-22,2026-08-07
adzuna_5210488087,Investment Risk&Analytics - Analyst,jpmorgan,gb,adzuna,https://www.adzuna.co.uk/jobs/details/5210488087?utm_medium=api&utm_source=8413080e,46703.91,46703.91,2025-05-22,2026-08-07
adzuna_5820060948,People Analytics Analyst & Business Partner,Stripe,gb,adzuna,https://www.adzuna.co.uk/jobs/details/5820060948?utm_medium=api&utm_source=8413080e,68026.8,68026.8,2026-07-29,2026-08-07
adzuna_5810897530,Data Analyst Trainee,ITOL Recruit,gb,adzuna,https://www.adzuna.co.uk/jobs/land/ad/5810897530?se=qK5m6aCS8RGWPoJqQXFPnw&utm_medium=api&utm_source=8413080e&v=25E9E4CFC6F6FE6020918D15FD53D24D1552B6B6,30000.0,50000.0,2026-07-22,2026-08-07
adzuna_5819624512,Data Analyst Trainee,ITOL Recruit,gb,adzuna,https://www.adzuna.co.uk/jobs/land/ad/5819624512?se=qK5m6aCS8RGWPoJqQXFPnw&utm_medium=api&utm_source=8413080e&v=80CC8D675B80B648B22FBE3A8D76ADFBE096CB08,30000.0,50000.0,2026-07-29,2026-08-07
adzuna_5819623133,Data Analyst Trainee,ITOL Recruit,gb,adzuna,https://www.adzuna.co.uk/jobs/land/ad/5819623133?se=qK5m6aCS8RGWPoJqQXFPnw&utm_medium=api&utm_source=8413080e&v=B774293B15FC91D06D17D8EA700BBF0AD97EE3C1,30000.0,50000.0,2026-07-29,2026-08-07
adzuna_5819624474,Data Analyst Trainee,ITOL Recruit,gb,adzuna,https://www.adzuna.co.uk/jobs/land/ad/5819624474?se=qK5m6aCS8RGWPoJqQXFPnw&utm_medium=api&utm_source=8413080e&v=23E0CB95A506EA7C8298B815EB6241A729FCECA2,30000.0,50000.0,2026-07-29,2026-08-07
adzuna_5818225172,Data Analyst Trainee,ITOL Recruit,gb,adzuna,https://www.adzuna.co.uk/jobs/land/ad/5818225172?se=qK5m6aCS8RGWPoJqQXFPnw&utm_medium=api&utm_source=8413080e&v=2BEC429B6B76AA284B048A69154768C3EA480C97,30000.0,50000.0,2026-07-28,2026-08-07
adzuna_5812147554,Data Scientist,ManTech International,us,adzuna,https://www.adzuna.com/land/ad/5812147554?se=9Gc6FaaS8RG9ks23jnlnsA&utm_medium=api&utm_source=8413080e&v=503411EA760E03C836518E570A31C30C6BC46662,120000.0,160000.0,2026-07-23,2026-08-07
adzuna_5816413099,Data Scientist,ManTech International,us,adzuna,https://www.adzuna.com/land/ad/5816413099?se=9Gc6FaaS8RG9ks23jnlnsA&utm_medium=api&utm_source=8413080e&v=6DCD85402292FB06587401F79C9710BCB900CEB2,120000.0,160000.0,2026-07-26,2026-08-07
adzuna_5826906725,"Data Scientist, Senior","BOOZ, ALLEN & HAMILTON, INC.",us,adzuna,https://www.adzuna.com/land/ad/5826906725?se=9Gc6FaaS8RG9ks23jnlnsA&utm_medium=api&utm_source=8413080e&v=A6BE1B2290CCE741436F70D8EA2C921D035EBE5D,199973.14,199973.14,2026-08-03,2026-08-07
adzuna_5826890172,"Data Scientist, Senior","BOOZ, ALLEN & HAMILTON, INC.",us,adzuna,https://www.adzuna.com/land/ad/5826890172?se=9Gc6FaaS8RG9ks23jnlnsA&utm_medium=api&utm_source=8413080e&v=795F419CF5B2D20C12907E8776C23C5E2F1E24FB,237392.02,237392.02,2026-08-03,2026-08-07
adzuna_5826991607,"Data Scientist, Senior","BOOZ, ALLEN & HAMILTON, INC.",us,adzuna,https://www.adzuna.com/land/ad/5826991607?se=9Gc6FaaS8RG9ks23jnlnsA&utm_medium=api&utm_source=8413080e&v=B975D4C3717FF9448B2502CFD889E2EAAE773C18,204534.08,204534.08,2026-08-03,2026-08-07
adzuna_5789986423,Senior Data Engineer,Babylist,us,adzuna,https://www.adzuna.com/land/ad/5789986423?se=XI3LCqaS8RGWPoJqQXFPnw&utm_medium=api&utm_source=8413080e&v=63BDA63265D529FF4C262FE72FC16136631F536A,166393.53,166393.53,2026-07-06,2026-08-07
adzuna_5789986070,Consulting Data Engineer,LexisNexis,us,adzuna,https://www.adzuna.com/land/ad/5789986070?se=XI3LCqaS8RGWPoJqQXFPnw&utm_medium=api&utm_source=8413080e&v=4E8FD2B619020E426A9C037F56792BDFC863847D,166359.27,166359.27,2026-07-06,2026-08-07
adzuna_5807335896,Lead Data Engineer,J.P. Morgan,us,adzuna,https://www.adzuna.com/land/ad/5807335896?se=XI3LCqaS8RGWPoJqQXFPnw&utm_medium=api&utm_source=8413080e&v=522065B363161072BF67FA073BF67A3261615D1A,101833.52,101833.52,2026-07-19,2026-08-07
adzuna_5789986554,Staff Data Engineer,Twenty,us,adzuna,https://www.adzuna.com/land/ad/5789986554?se=XI3LCqaS8RGWPoJqQXFPnw&utm_medium=api&utm_source=8413080e&v=9E270E09E81993AC816612B994370BCF5069FBFB,174132.81,174132.81,2026-07-06,2026-08-07
adzuna_5766192249,Data Engineer,Bespoke Labs,us,adzuna,https://www.adzuna.com/land/ad/5766192249?se=XI3LCqaS8RGWPoJqQXFPnw&utm_medium=api&utm_source=8413080e&v=74B50D5B39AA22B7293C63EAE1DA64E9E3C1D6D3,124980.18,124980.18,2026-06-16,2026-08-07
adzuna_5766192252,Data Engineer,Bespoke Labs,us,adzuna,https://www.adzuna.com/land/ad/5766192252?se=XI3LCqaS8RGWPoJqQXFPnw&utm_medium=api&utm_source=8413080e&v=7030DEDD23263F6C9041FC0B50050EDFD4F78FB3,114975.18,114975.18,2026-06-16,2026-08-07
adzuna_5766192264,Data Engineer,Bespoke Labs,us,adzuna,https://www.adzuna.com/land/ad/5766192264?se=XI3LCqaS8RGWPoJqQXFPnw&utm_medium=api&utm_source=8413080e&v=D6F76704B40EF75C3AA919AA832C0506FCE5AFFE,115768.8,115768.8,2026-06-16,2026-08-07
adzuna_5766192277,Data Engineer,Bespoke Labs,us,adzuna,https://www.adzuna.com/land/ad/5766192277?se=XI3LCqaS8RGWPoJqQXFPnw&utm_medium=api&utm_source=8413080e&v=28265612E7CB0AF1D96FCBEFE6D69C832237BE09,111113.88,111113.88,2026-06-16,2026-08-07
adzuna_5766192247,Data Engineer,Bespoke Labs,us,adzuna,https://www.adzuna.com/land/ad/5766192247?se=XI3LCqaS8RGWPoJqQXFPnw&utm_medium=api&utm_source=8413080e&v=BD0EABEC46CB06B055132C9BD591081C6E0CCBBC,130649.25,130649.25,2026-06-16,2026-08-07
adzuna_5830860977,ETL Developer,TekShapers,us,adzuna,https://www.adzuna.com/land/ad/5830860977?se=pvawDaaS8RGOZItUbRfjpg&utm_medium=api&utm_source=8413080e&v=6E5A2B6B75DC3DFBFC1340DC9B4767CF14ACC7A6,156396.06,156396.06,2026-08-06,2026-08-07
adzuna_5830754582,Database Administrator,ASSYST,us,adzuna,https://www.adzuna.com/land/ad/5830754582?se=tHdoCKaS8RGWPoJqQXFPnw&utm_medium=api&utm_source=8413080e&v=F0371A7B2D9CB19C5AD66A803856702ACA2A2411,132721.73,132721.73,2026-08-06,2026-08-07
adzuna_5830839902,Database Administrators,4 Consulting Inc,us,adzuna,https://www.adzuna.com/land/ad/5830839902?se=tHdoCKaS8RGWPoJqQXFPnw&utm_medium=api&utm_source=8413080e&v=75001DE6B6BA38C98FDBF673460CC2C171E0F7D0,83902.84,83902.84,2026-08-06,2026-08-07
adzuna_5820119954,Database Administrator,"ArnAmy, Inc.",us,adzuna,https://www.adzuna.com/land/ad/5820119954?se=tHdoCKaS8RGWPoJqQXFPnw&utm_medium=api&utm_source=8413080e&v=64994E1DBE0C6B75634311676A36D93805648A7F,74699.78,74699.78,2026-07-29,2026-08-07
adzuna_5831263372,Database Administrator,Alpha Omega Integration LLC,us,adzuna,https://www.adzuna.com/land/ad/5831263372?se=tHdoCKaS8RGWPoJqQXFPnw&utm_medium=api&utm_source=8413080e&v=80140D0002794DF333765F2445DD04D7FB4428DB,113798.13,113798.13,2026-08-06,2026-08-07
adzuna_5821431407,Database Administrator,Brilliant Infotech Inc.,us,adzuna,https://www.adzuna.com/land/ad/5821431407?se=tHdoCKaS8RGWPoJqQXFPnw&utm_medium=api&utm_source=8413080e&v=D5BFBB87683674F537F18F15FE75F62A81C6808B,82961.17,82961.17,2026-07-30,2026-08-07
adzuna_5829491736,Database Administrator,"SystemDomain, Inc.",us,adzuna,https://www.adzuna.com/land/ad/5829491736?se=tHdoCKaS8RGWPoJqQXFPnw&utm_medium=api&utm_source=8413080e&v=ECD90ECE87EC34D3E20E8DEB99FB63CBD345DC09,87719.61,87719.61,2026-08-05,2026-08-07
adzuna_5830746305,Database Administrator,V2Soft,us,adzuna,https://www.adzuna.com/land/ad/5830746305?se=tHdoCKaS8RGWPoJqQXFPnw&utm_medium=api&utm_source=8413080e&v=CB43E5230856A424BEA369ED7474C0E6349891E1,89447.85,89447.85,2026-08-06,2026-08-07
adzuna_5830838876,Database Administrator,Kforce Technology Staffing,us,adzuna,https://www.adzuna.com/land/ad/5830838876?se=tHdoCKaS8RGWPoJqQXFPnw&utm_medium=api&utm_source=8413080e&v=26F1F80578294A93A89CF7BFECA46E4A3F7D9224,148490.69,148490.69,2026-08-06,2026-08-07
adzuna_5813129992,Database Administrator,Na Oiwi Kane,us,adzuna,https://www.adzuna.com/land/ad/5813129992?se=tHdoCKaS8RGWPoJqQXFPnw&utm_medium=api&utm_source=8413080e&v=D49B0273291D62598F4E4DF6EBDC954F1FDECF84,114555.55,114555.55,2026-07-23,2026-08-07
adzuna_5830840251,Database Administrator,Steck Systems,us,adzuna,https://www.adzuna.com/land/ad/5830840251?se=tHdoCKaS8RGWPoJqQXFPnw&utm_medium=api&utm_source=8413080e&v=0DEAFE59227CAE810F3D193753351FDC4AB1EA69,90895.27,90895.27,2026-08-06,2026-08-07
adzuna_5799244552,Data & Analytics Manager,Ashdown Group,gb,adzuna,https://www.adzuna.co.uk/jobs/details/5799244552?utm_medium=api&utm_source=8413080e,70000.0,70000.0,2026-07-14,2026-08-07
adzuna_5796949435,Data & Analytics Lead,Disguise Technologies,gb,adzuna,https://www.adzuna.co.uk/jobs/details/5796949435?utm_medium=api&utm_source=8413080e,69145.52,69145.52,2026-07-11,2026-08-07
adzuna_5831455960,Head of Data Analytics,Norton Motorcycles,gb,adzuna,https://www.adzuna.co.uk/jobs/details/5831455960?utm_medium=api&utm_source=8413080e,68186.31,68186.31,2026-08-07,2026-08-07
adzuna_5804076122,Data Analytics Engineer,Rebel Recruitment Limited,gb,adzuna,https://www.adzuna.co.uk/jobs/details/5804076122?utm_medium=api&utm_source=8413080e,40000.0,48000.0,2026-07-17,2026-08-07
adzuna_5809545938,Business Intelligence Officer,Aspen Wolf  Ltd,gb,adzuna,https://www.adzuna.co.uk/jobs/land/ad/5809545938?se=wAbw76CS8RGWPoJqQXFPnw&utm_medium=api&utm_source=8413080e&v=65152E30FB532A13149A12419FF5ED394568CFB3,29350.0,29350.0,2026-07-21,2026-08-07
adzuna_5829059789,Junior Data Analyst,Staffline,gb,adzuna,https://www.adzuna.co.uk/jobs/details/5829059789?utm_medium=api&utm_source=8413080e,31780.97,31780.97,2026-08-05,2026-08-07
adzuna_5796298521,Junior Data Analyst,emh group,gb,adzuna,https://www.adzuna.co.uk/jobs/details/5796298521?utm_medium=api&utm_source=8413080e,30000.0,30000.0,2026-07-11,2026-08-07
adzuna_5825825371,Junior Data Analyst,Essex County Council,gb,adzuna,https://www.adzuna.co.uk/jobs/details/5825825371?utm_medium=api&utm_source=8413080e,29468.0,34668.0,2026-08-02,2026-08-07
adzuna_5830421671,Junior Data Analyst,Back TO Work,gb,adzuna,https://www.adzuna.co.uk/jobs/details/5830421671?utm_medium=api&utm_source=8413080e,27000.0,27000.0,2026-08-06,2026-08-07
adzuna_5831881847,Junior Data Analyst,Back TO Work,gb,adzuna,https://www.adzuna.co.uk/jobs/details/5831881847?utm_medium=api&utm_source=8413080e,27000.0,27000.0,2026-08-07,2026-08-07
adzuna_5830869696,Junior Data Analyst,Back 2 Work,gb,adzuna,https://www.adzuna.co.uk/jobs/details/5830869696?utm_medium=api&utm_source=8413080e,26000.0,26000.0,2026-08-06,2026-08-07
adzuna_5780466304,Junior Data Analyst,Asset Resourcing,gb,adzuna,https://www.adzuna.co.uk/jobs/details/5780466304?utm_medium=api&utm_source=8413080e,35000.0,35000.0,2026-06-28,2026-08-07
adzuna_5831963830,Junior Data Analyst (SC-Cleared),Pigment Consulting,gb,adzuna,https://www.adzuna.co.uk/jobs/details/5831963830?utm_medium=api&utm_source=8413080e,104000.0,117000.0,2026-08-07,2026-08-07
adzuna_5826862178,Junior Data Analyst – Tech Startup,Graduate Recruitment Bureau,gb,adzuna,https://www.adzuna.co.uk/jobs/details/5826862178?utm_medium=api&utm_source=8413080e,35000.0,35000.0,2026-08-03,2026-08-07
adzuna_5832285695,Junior Business Systems & Data Analyst,Connected Health,gb,adzuna,https://www.adzuna.co.uk/jobs/land/ad/5832285695?se=nsqE66CS8RGlDuOngCclFw&utm_medium=api&utm_source=8413080e&v=7F4397863E4BD246CE8FAFEA7F0B53F34E08F83F,35000.0,35000.0,2026-08-07,2026-08-07
adzuna_5794841542,"Junior Data Analyst - £32,000 Chelmsford",Ashdown Group,gb,adzuna,https://www.adzuna.co.uk/jobs/details/5794841542?utm_medium=api&utm_source=8413080e,30000.0,30000.0,2026-07-10,2026-08-07
adzuna_5832266593,Junior Planner / Data Analyst,Costain Group,gb,adzuna,https://www.adzuna.co.uk/jobs/details/5832266593?utm_medium=api&utm_source=8413080e,49580.35,49580.35,2026-08-07,2026-08-07
adzuna_5832283828,Junior Business Systems & Data Analyst,Connected Health,gb,adzuna,https://www.adzuna.co.uk/jobs/details/5832283828?utm_medium=api&utm_source=8413080e,0.0,35000.0,2026-08-07,2026-08-07
adzuna_5811671055,Graduate Data Scientist / Junior Analyst,The Opportunity Hub UK,gb,adzuna,https://www.adzuna.co.uk/jobs/details/5811671055?utm_medium=api&utm_source=8413080e,25000.0,28000.0,2026-07-23,2026-08-07
adzuna_5810420625,Graduate Data Scientist / Junior Analyst,The Opportunity Hub UK,gb,adzuna,https://www.adzuna.co.uk/jobs/details/5810420625?utm_medium=api&utm_source=8413080e,25000.0,28000.0,2026-07-22,2026-08-07
adzuna_5831628687,BI Analyst,HeadFirst B.V.,gb,adzuna,https://www.adzuna.co.uk/jobs/details/5831628687?utm_medium=api&utm_source=8413080e,52970.63,52970.63,2026-08-07,2026-08-07
adzuna_5797663685,BI Analyst,HeadFirst B.V.,gb,adzuna,https://www.adzuna.co.uk/jobs/details/5797663685?utm_medium=api&utm_source=8413080e,53987.37,53987.37,2026-07-12,2026-08-07
adzuna_5831628686,BI Analyst,HeadFirst B.V.,gb,adzuna,https://www.adzuna.co.uk/jobs/details/5831628686?utm_medium=api&utm_source=8413080e,56054.84,56054.84,2026-08-07,2026-08-07
adzuna_5821149999,BI Analyst,Proactive Appointments,gb,adzuna,https://www.adzuna.co.uk/jobs/land/ad/5821149999?se=LlVF3qCS8RGlDuOngCclFw&utm_medium=api&utm_source=8413080e&v=8BE2DBA0511F5DDB9B00EA31252822DB65FC970C,30000.0,35000.0,2026-07-30,2026-08-07
adzuna_5814771693,BI Analyst,iProov,gb,adzuna,https://www.adzuna.co.uk/jobs/details/5814771693?utm_medium=api&utm_source=8413080e,50344.99,50344.99,2026-07-25,2026-08-07
adzuna_5820090059,BI Analyst,Sunbelt Rentals Careers,gb,adzuna,https://www.adzuna.co.uk/jobs/details/5820090059?utm_medium=api&utm_source=8413080e,42685.49,42685.49,2026-07-29,2026-08-07
adzuna_5822578744,Power BI Analyst,Equifind,gb,adzuna,https://www.adzuna.co.uk/jobs/land/ad/5822578744?se=LlVF3qCS8RGlDuOngCclFw&utm_medium=api&utm_source=8413080e&v=9CE27CF5AE599623FF2D1AFB2DB5CE22A8D621D0,60000.0,65000.0,2026-07-31,2026-08-07
adzuna_5809583025,Data / BI Analyst,Akkodis,gb,adzuna,https://www.adzuna.co.uk/jobs/land/ad/5809583025?se=LlVF3qCS8RGlDuOngCclFw&utm_medium=api&utm_source=8413080e&v=39222BB0F1002F152B05EB84A46E03FA409D00CD,45000.0,50000.0,2026-07-21,2026-08-07
adzuna_5808330125,Senior BI Analyst,Amtis Professional Ltd,gb,adzuna,https://www.adzuna.co.uk/jobs/details/5808330125?utm_medium=api&utm_source=8413080e,60000.0,70000.0,2026-07-20,2026-08-07
adzuna_5809583810,Data / BI Analyst,Akkodis,gb,adzuna,https://www.adzuna.co.uk/jobs/details/5809583810?utm_medium=api&utm_source=8413080e,45000.0,50000.0,2026-07-21,2026-08-07
adzuna_5798899245,Senior BI Analyst,hireful,gb,adzuna,https://www.adzuna.co.uk/jobs/details/5798899245?utm_medium=api&utm_source=8413080e,53986.18,53986.18,2026-07-13,2026-08-07
adzuna_5779213406,BI Analyst — Nutrition,THG,gb,adzuna,https://www.adzuna.co.uk/jobs/details/5779213406?utm_medium=api&utm_source=8413080e,41570.82,41570.82,2026-06-27,2026-08-07
adzuna_5828634121,Risk & Reporting Analyst,Catalyst,gb,adzuna,https://www.adzuna.co.uk/jobs/land/ad/5828634121?se=1sPe4qCS8RGlDuOngCclFw&utm_medium=api&utm_source=8413080e&v=F64CAF10101466057AA161E40B60C89BCF51F795,75000.0,75000.0,2026-08-05,2026-08-07
adzuna_5828324331,Financial Reporting Analyst,Orka Financial,gb,adzuna,https://www.adzuna.co.uk/jobs/details/5828324331?utm_medium=api&utm_source=8413080e,35000.0,37000.0,2026-08-04,2026-08-07
adzuna_5826646215,ERP Support & Reporting Analyst,Erin Associates,gb,adzuna,https://www.adzuna.co.uk/jobs/land/ad/5826646215?se=1sPe4qCS8RGlDuOngCclFw&utm_medium=api&utm_source=8413080e&v=CB5CCE043BCE6396CA592C0AE82938DFC14FECEA,50000.0,50000.0,2026-08-03,2026-08-07
adzuna_5832203994,HR MI Reporting Analyst,Teksystems,gb,adzuna,https://www.adzuna.co.uk/jobs/land/ad/5832203994?se=1sPe4qCS8RGlDuOngCclFw&utm_medium=api&utm_source=8413080e&v=7512D9D51BF34FC4B4118608371ACF429571C0FF,55526.35,55526.35,2026-08-07,2026-08-07
adzuna_5805416911,Trade & Transaction Reporting Analyst,Adecco,gb,adzuna,https://www.adzuna.co.uk/jobs/details/5805416911?utm_medium=api&utm_source=8413080e,83200.0,145600.0,2026-07-17,2026-08-07
adzuna_5829875602,Junior ESG Reporting Analyst,Quest Search and Selection Ltd,gb,adzuna,https://www.adzuna.co.uk/jobs/details/5829875602?utm_medium=api&utm_source=8413080e,38279.93,38279.93,2026-08-06,2026-08-07
adzuna_5803522740,Accounts Receivable and Payable Reporting Analyst,Oasis Business Personnel Ltd,gb,adzuna,https://www.adzuna.co.uk/jobs/details/5803522740?utm_medium=api&utm_source=8413080e,40000.0,49000.0,2026-07-16,2026-08-07
adzuna_5830850030,Business and Data Reporting Analyst 12-month FTC,Norton Rose Fulbright LLP,gb,adzuna,https://www.adzuna.co.uk/jobs/details/5830850030?utm_medium=api&utm_source=8413080e,37790.21,37790.21,2026-08-06,2026-08-07
adzuna_5121201669,Business Intelligence Executive,Zenergi,gb,adzuna,https://www.adzuna.co.uk/jobs/land/ad/5121201669?se=wAbw76CS8RGWPoJqQXFPnw&utm_medium=api&utm_source=8413080e&v=A556EF7B870CD09FDEE96DA61228806073B8EC42,27000.0,30000.0,2025-04-01,2026-08-07
adzuna_5830781376,Business Intelligence Analyst,Police Scotland,gb,adzuna,https://www.adzuna.co.uk/jobs/details/5830781376?utm_medium=api&utm_source=8413080e,39590.0,39590.0,2026-08-06,2026-08-07
adzuna_5832205358,SQL Developer,Picture More,gb,adzuna,https://www.adzuna.co.uk/jobs/land/ad/5832205358?se=tG_D8aCS8RGWPoJqQXFPnw&utm_medium=api&utm_source=8413080e&v=89D29D7510885BB37B9E24A45C72FC117CDBF906,65000.0,65000.0,2026-08-07,2026-08-07
adzuna_5831508388,SQL Server Developer,Jameson Legal.,gb,adzuna,https://www.adzuna.co.uk/jobs/details/5831508388?utm_medium=api&utm_source=8413080e,48957.79,48957.79,2026-08-07,2026-08-07
adzuna_5786750334,SQL Developer,Premier Group Recruitment,gb,adzuna,https://www.adzuna.co.uk/jobs/land/ad/5786750334?se=tG_D8aCS8RGWPoJqQXFPnw&utm_medium=api&utm_source=8413080e&v=12F572C98977A7AB6D8465C4762E4308A86FC245,35772.13,35772.13,2026-07-03,2026-08-07
adzuna_5821421655,SQL Developer,Candour Solutions,gb,adzuna,https://www.adzuna.co.uk/jobs/land/ad/5821421655?se=tG_D8aCS8RGWPoJqQXFPnw&utm_medium=api&utm_source=8413080e&v=F46C80A46C069D999F071FC524F8BF3F00F88B74,45000.0,55000.0,2026-07-30,2026-08-07
adzuna_5795788250,SQL Developer,Reed Technology,gb,adzuna,https://www.adzuna.co.uk/jobs/details/5795788250?utm_medium=api&utm_source=8413080e,40000.0,55000.0,2026-07-10,2026-08-07
adzuna_5793401523,SQL Developer,Pearson Carter,gb,adzuna,https://www.adzuna.co.uk/jobs/details/5793401523?utm_medium=api&utm_source=8413080e,50000.0,55000.0,2026-07-09,2026-08-07
adzuna_5822943527,SQL Developer,Sammons Recruitment Ltd,gb,adzuna,https://www.adzuna.co.uk/jobs/details/5822943527?utm_medium=api&utm_source=8413080e,75000.0,75000.0,2026-08-01,2026-08-07
adzuna_5210488397,SQL Developer,dentsu,gb,adzuna,https://www.adzuna.co.uk/jobs/details/5210488397?utm_medium=api&utm_source=8413080e,39582.85,39582.85,2025-05-22,2026-08-07
adzuna_5829671859,SQL Developer,Pearson Carter,gb,adzuna,https://www.adzuna.co.uk/jobs/details/5829671859?utm_medium=api&utm_source=8413080e,30000.0,55000.0,2026-08-06,2026-08-07
adzuna_5796298140,SQL Developer,Reed Technology,gb,adzuna,https://www.adzuna.co.uk/jobs/details/5796298140?utm_medium=api&utm_source=8413080e,55000.0,55000.0,2026-07-11,2026-08-07
adzuna_5820820462,SQL Developer,Delta Capita,gb,adzuna,https://www.adzuna.co.uk/jobs/details/5820820462?utm_medium=api&utm_source=8413080e,47763.24,47763.24,2026-07-30,2026-08-07
adzuna_5810043644,SQL Developer,Aimtech Recruitment Ltd,gb,adzuna,https://www.adzuna.co.uk/jobs/details/5810043644?utm_medium=api&utm_source=8413080e,70000.0,70000.0,2026-07-22,2026-08-07
adzuna_5830330762,SQL Developer,Reed Technology,gb,adzuna,https://www.adzuna.co.uk/jobs/details/5830330762?utm_medium=api&utm_source=8413080e,40000.0,55000.0,2026-08-06,2026-08-07
adzuna_5800535943,Principal SQL Developer,Prism Digital,gb,adzuna,https://www.adzuna.co.uk/jobs/details/5800535943?utm_medium=api&utm_source=8413080e,140000.0,180000.0,2026-07-15,2026-08-07
adzuna_5780350413,SenIor SQL Developer,Premier Group Recruitment,gb,adzuna,https://www.adzuna.co.uk/jobs/land/ad/5780350413?se=tG_D8aCS8RGWPoJqQXFPnw&utm_medium=api&utm_source=8413080e&v=02D48263F7FBD799562150EC27C5B87B10C5C12F,60000.0,70000.0,2026-06-28,2026-08-07
adzuna_5820041581,Database Administrator,Solera,gb,adzuna,https://www.adzuna.co.uk/jobs/details/5820041581?utm_medium=api&utm_source=8413080e,38477.32,38477.32,2026-07-29,2026-08-07
adzuna_5754572584,Database Administrator,SugarAI,gb,adzuna,https://www.adzuna.co.uk/jobs/details/5754572584?utm_medium=api&utm_source=8413080e,33496.66,33496.66,2026-06-06,2026-08-07
adzuna_5812348928,Database Administrator,Deel,gb,adzuna,https://www.adzuna.co.uk/jobs/details/5812348928?utm_medium=api&utm_source=8413080e,49857.35,49857.35,2026-07-23,2026-08-07
adzuna_5800473433,Database Administrator,The Curve Group,gb,adzuna,https://www.adzuna.co.uk/jobs/details/5800473433?utm_medium=api&utm_source=8413080e,41134.18,41134.18,2026-07-15,2026-08-07
adzuna_5830444293,Principal Data Engineer,Places for People,gb,adzuna,https://www.adzuna.co.uk/jobs/land/ad/5830444293?se=nNBz-KCS8RGWPoJqQXFPnw&utm_medium=api&utm_source=8413080e&v=22194702036998D1D3F8D6C5EB84BDC75D64F5CF,67103.58,67103.58,2026-08-06,2026-08-07
adzuna_5820119936,Python Developer,AgreeYa Solutions,us,adzuna,https://www.adzuna.com/land/ad/5820119936?se=MIFVE6aS8RGWPoJqQXFPnw&utm_medium=api&utm_source=8413080e&v=7F5F1F4F0025BF7258DD7AF4DE04EA23276ED2A0,94191.84,94191.84,2026-07-29,2026-08-07
adzuna_5803569690,Python Developer,Sagarsoft,us,adzuna,https://www.adzuna.com/land/ad/5803569690?se=MIFVE6aS8RGWPoJqQXFPnw&utm_medium=api&utm_source=8413080e&v=61693122AA9790994B00F94F2BDE44DF23C58256,95594.97,95594.97,2026-07-16,2026-08-07
adzuna_5801459114,Python Developer,Shree Narayani Networking Solutions LLC,us,adzuna,https://www.adzuna.com/land/ad/5801459114?se=MIFVE6aS8RGWPoJqQXFPnw&utm_medium=api&utm_source=8413080e&v=498955D1465AC9BEA397E200C14D6B512A2150F1,119786.6,119786.6,2026-07-15,2026-08-07
adzuna_5812673417,Python Developer,"Sincera Technologies, Inc.",us,adzuna,https://www.adzuna.com/land/ad/5812673417?se=MIFVE6aS8RGWPoJqQXFPnw&utm_medium=api&utm_source=8413080e&v=29D5BC0089A3BFD5DA6EFED9BDD1A67BCD2F71FF,133449.5,133449.5,2026-07-23,2026-08-07
adzuna_5683624732,Python Developer,"Next Level Business Services, Inc.",us,adzuna,https://www.adzuna.com/land/ad/5683624732?se=MIFVE6aS8RGWPoJqQXFPnw&utm_medium=api&utm_source=8413080e&v=6DBDCD366D0D966F6687C3A1FF548592AC5C76A7,109972.38,109972.38,2026-03-30,2026-08-07
adzuna_5793436073,Digital Operations Data Visualisation Specialist,Safran Actuation Systems,gb,adzuna,https://www.adzuna.co.uk/jobs/details/5793436073?utm_medium=api&utm_source=8413080e,36558.85,36558.85,2026-07-09,2026-08-07
adzuna_5210489457,HR Analytics Manager,idfc first bank,gb,adzuna,https://www.adzuna.co.uk/jobs/details/5210489457?utm_medium=api&utm_source=8413080e,42989.4,42989.4,2025-05-22,2026-08-07
adzuna_5210487242,Tableau Application Designer,accenture,gb,adzuna,https://www.adzuna.co.uk/jobs/details/5210487242?utm_medium=api&utm_source=8413080e,48823.5,48823.5,2025-05-22,2026-08-07
adzuna_5828117883,Capability Management Planning Specialist,Advanced Resource Managers Limited,gb,adzuna,https://www.adzuna.co.uk/jobs/details/5828117883?utm_medium=api&utm_source=8413080e,161980.0,161980.0,2026-08-04,2026-08-07
adzuna_5784661842,Digital Operations Data Visualisation Specialist,Safran,gb,adzuna,https://www.adzuna.co.uk/jobs/details/5784661842?utm_medium=api&utm_source=8413080e,38482.34,38482.34,2026-07-02,2026-08-07
adzuna_5827393142,Data Analyst,,gb,adzuna,https://www.adzuna.co.uk/jobs/details/5827393142?utm_medium=api&utm_source=8413080e,40763.0,40763.0,2026-08-04,2026-08-07
adzuna_5803525701,Commercial Analyst,Harnham - Data & Analytics Recruitment,gb,adzuna,https://www.adzuna.co.uk/jobs/land/ad/5803525701?se=-ia2AaGS8RGOZItUbRfjpg&utm_medium=api&utm_source=8413080e&v=C309ECD4161CC21446BBB952CF698781A36F13D9,30000.0,35000.0,2026-07-16,2026-08-07
adzuna_5727983579,BI Developer,EOS,gb,adzuna,https://www.adzuna.co.uk/jobs/details/5727983579?utm_medium=api&utm_source=8413080e,52867.07,52867.07,2026-05-13,2026-08-07
adzuna_5819756172,Data Analyst,Segula Technologies,gb,adzuna,https://www.adzuna.co.uk/jobs/details/5819756172?utm_medium=api&utm_source=8413080e,49803.41,49803.41,2026-07-29,2026-08-07
adzuna_5740437041,Senior Data Analyst II,Cirium,gb,adzuna,https://www.adzuna.co.uk/jobs/details/5740437041?utm_medium=api&utm_source=8413080e,48861.42,48861.42,2026-05-25,2026-08-07
adzuna_5803552706,Python Developer,Ocho,gb,adzuna,https://www.adzuna.co.uk/jobs/land/ad/5803552706?se=VIfWA6GS8RGlDuOngCclFw&utm_medium=api&utm_source=8413080e&v=260FDBD4F89DFF84EC53EDB82FFC528C92B1566B,60000.0,60000.0,2026-07-16,2026-08-07
adzuna_5809348689,Python Developer,McGregor Boyall,gb,adzuna,https://www.adzuna.co.uk/jobs/land/ad/5809348689?se=VIfWA6GS8RGlDuOngCclFw&utm_medium=api&utm_source=8413080e&v=E3EAF0FCB251A1CF1B4F1518E35B931D0F06CD7A,150000.0,200000.0,2026-07-21,2026-08-07
adzuna_5789988222,Python Developer,Barclays,gb,adzuna,https://www.adzuna.co.uk/jobs/land/ad/5789988222?se=VIfWA6GS8RGlDuOngCclFw&utm_medium=api&utm_source=8413080e&v=ACF2F852E4FC4B9F87831D8DCA7C81FA134B5439,72437.22,72437.22,2026-07-06,2026-08-07
adzuna_5808939994,Python Developer,Tesco,gb,adzuna,https://www.adzuna.co.uk/jobs/land/ad/5808939994?se=VIfWA6GS8RGlDuOngCclFw&utm_medium=api&utm_source=8413080e&v=9351CFEA587A8CC40E72388E3C92AF6831547B43,62044.1,62044.1,2026-07-21,2026-08-07
adzuna_5827885466,Senior Python Developer,Spectrum It Recruitment Limited,gb,adzuna,https://www.adzuna.co.uk/jobs/land/ad/5827885466?se=VIfWA6GS8RGlDuOngCclFw&utm_medium=api&utm_source=8413080e&v=8DD6BEE5F2B415C5F158F3CD1F473C5B7957ECF7,80000.0,80000.0,2026-08-04,2026-08-07
adzuna_5831512207,Senior Python Developer / Consultant SaaS,Client Server,gb,adzuna,https://www.adzuna.co.uk/jobs/land/ad/5831512207?se=VIfWA6GS8RGlDuOngCclFw&utm_medium=api&utm_source=8413080e&v=B55D196DB464BD0151EC6054D35B98A7DC9CE8E9,80000.0,80000.0,2026-08-07,2026-08-07
adzuna_5809351188,Backend Python Developer,Xact Placements Limited,gb,adzuna,https://www.adzuna.co.uk/jobs/land/ad/5809351188?se=VIfWA6GS8RGlDuOngCclFw&utm_medium=api&utm_source=8413080e&v=6974EEA0071B0FD391EBBAE75EADE0165EBBBA5C,60000.0,80000.0,2026-07-21,2026-08-07
adzuna_5831963159,Python Developer - Cyber Security,Client Server,gb,adzuna,https://www.adzuna.co.uk/jobs/land/ad/5831963159?se=VIfWA6GS8RGlDuOngCclFw&utm_medium=api&utm_source=8413080e&v=C56B0F58E46AAEE7436A66BC0E69A4B3B0A83BBD,65000.0,65000.0,2026-08-07,2026-08-07
adzuna_5812410484,SC Cleared Python Developer,Damia Group Ltd,gb,adzuna,https://www.adzuna.co.uk/jobs/land/ad/5812410484?se=VIfWA6GS8RGlDuOngCclFw&utm_medium=api&utm_source=8413080e&v=B96A264E0ABB5A6A6632C5E2016EE68419BC82C6,130000.0,143000.0,2026-07-23,2026-08-07
adzuna_5832202178,Python Developer - Geospatial Image Processing,Client Server,gb,adzuna,https://www.adzuna.co.uk/jobs/land/ad/5832202178?se=VIfWA6GS8RGlDuOngCclFw&utm_medium=api&utm_source=8413080e&v=50C57F569F9743BBB75935CB7DE264EDD2E5D2CA,85000.0,85000.0,2026-08-07,2026-08-07
adzuna_5818385010,Power BI Developer,Anson McCade,gb,adzuna,https://www.adzuna.co.uk/jobs/details/5818385010?utm_medium=api&utm_source=8413080e,85183.0,85183.0,2026-07-28,2026-08-07
adzuna_5830331239,Power BI Developer,Adria Solutions Ltd,gb,adzuna,https://www.adzuna.co.uk/jobs/details/5830331239?utm_medium=api&utm_source=8413080e,40000.0,70000.0,2026-08-06,2026-08-07
adzuna_5830331735,Power BI Developer,ARM,gb,adzuna,https://www.adzuna.co.uk/jobs/details/5830331735?utm_medium=api&utm_source=8413080e,45000.0,80000.0,2026-08-06,2026-08-07
adzuna_5210484377,Power BI Developer,Siemens,gb,adzuna,https://www.adzuna.co.uk/jobs/details/5210484377?utm_medium=api&utm_source=8413080e,43751.67,43751.67,2025-05-22,2026-08-07
adzuna_5805057344,Contract Power BI Developer,Adria Solutions Ltd,gb,adzuna,https://www.adzuna.co.uk/jobs/details/5805057344?utm_medium=api&utm_source=8413080e,0.0,91000.0,2026-07-17,2026-08-07
adzuna_5809726467,Senior Power BI Developer,Method Resourcing,gb,adzuna,https://www.adzuna.co.uk/jobs/land/ad/5809726467?se=4nS5_6CS8RGWPoJqQXFPnw&utm_medium=api&utm_source=8413080e&v=1593184C2F3C160BAF159B42F4FC05E2D0255B1E,70000.0,80000.0,2026-07-21,2026-08-07
adzuna_5805474099,Contract Power BI Developer,Adria Solutions,gb,adzuna,https://www.adzuna.co.uk/jobs/details/5805474099?utm_medium=api&utm_source=8413080e,79141.95,79141.95,2026-07-18,2026-08-07
adzuna_5826717385,Power BI Developer - IT,Alois Technologies Limited,gb,adzuna,https://www.adzuna.co.uk/jobs/details/5826717385?utm_medium=api&utm_source=8413080e,104000.0,130000.0,2026-08-03,2026-08-07
adzuna_5822527558,Senior Power BI Developer/FP&A,JMF ASSOCIATES,gb,adzuna,https://www.adzuna.co.uk/jobs/details/5822527558?utm_medium=api&utm_source=8413080e,80485.68,80485.68,2026-07-31,2026-08-07
adzuna_5811049018,Power BI Developer - OUTSIDE IR35,Henderson Scott,gb,adzuna,https://www.adzuna.co.uk/jobs/details/5811049018?utm_medium=api&utm_source=8413080e,117000.0,130000.0,2026-07-22,2026-08-07
adzuna_5812679038,Tableau Developer,Harnham - Data & Analytics Recruitment,gb,adzuna,https://www.adzuna.co.uk/jobs/details/5812679038?utm_medium=api&utm_source=8413080e,104000.0,130000.0,2026-07-23,2026-08-07
adzuna_5822593988,BI Analyst/Tableau Developer,INSIGHT INTERNATIONAL  Limited,gb,adzuna,https://www.adzuna.co.uk/jobs/details/5822593988?utm_medium=api&utm_source=8413080e,49434.84,49434.84,2026-07-31,2026-08-07
adzuna_5670435548,Data Analyst (Tableau Developer),N Consulting Ltd,gb,adzuna,https://www.adzuna.co.uk/jobs/details/5670435548?utm_medium=api&utm_source=8413080e,78000.0,91000.0,2026-03-18,2026-08-07
adzuna_5210480882,Product and Visualization Development lead,Citi,gb,adzuna,https://www.adzuna.co.uk/jobs/details/5210480882?utm_medium=api&utm_source=8413080e,44260.9,44260.9,2025-05-22,2026-08-07
adzuna_5210482863,Process Expert - Finance,Siemens,gb,adzuna,https://www.adzuna.co.uk/jobs/details/5210482863?utm_medium=api&utm_source=8413080e,36474.68,36474.68,2025-05-22,2026-08-07
adzuna_5761405668,Python Developer,Barclays,gb,adzuna,https://www.adzuna.co.uk/jobs/land/ad/5761405668?se=VIfWA6GS8RGlDuOngCclFw&utm_medium=api&utm_source=8413080e&v=4968B5D6249FC278CEB527EE9695F91C8E4F7420,73953.8,73953.8,2026-06-12,2026-08-07
adzuna_5827868364,Python Developer,Alexander Mann Solutions - Contingency,gb,adzuna,https://www.adzuna.co.uk/jobs/details/5827868364?utm_medium=api&utm_source=8413080e,54413.39,54413.39,2026-08-04,2026-08-07
adzuna_5830781580,Python Developer,Queen Square Recruitment Ltd,gb,adzuna,https://www.adzuna.co.uk/jobs/details/5830781580?utm_medium=api&utm_source=8413080e,109200.0,109200.0,2026-08-06,2026-08-07
adzuna_5799931573,Python Developer,Brio Digital,gb,adzuna,https://www.adzuna.co.uk/jobs/details/5799931573?utm_medium=api&utm_source=8413080e,143000.0,143000.0,2026-07-14,2026-08-07
adzuna_5119759219,Python developer,Enorth Staffing Limited,gb,adzuna,https://www.adzuna.co.uk/jobs/land/ad/5119759219?se=VIfWA6GS8RGlDuOngCclFw&utm_medium=api&utm_source=8413080e&v=5E0ADDE6DFA785B35430EDEB488F2E1656DB2D70,64591.38,64591.38,2025-03-31,2026-08-07
adzuna_5798413735,BI Analyst II,Indeed,us,adzuna,https://www.adzuna.com/land/ad/5798413735?se=Eh7GAKaS8RGWPoJqQXFPnw&utm_medium=api&utm_source=8413080e&v=377B7B59BDB0301131F79D0846F36159468A1DC8,141742.44,141742.44,2026-07-12,2026-08-07
adzuna_5798413763,BI Analyst II,Indeed,us,adzuna,https://www.adzuna.com/land/ad/5798413763?se=Eh7GAKaS8RGWPoJqQXFPnw&utm_medium=api&utm_source=8413080e&v=A9D478F16EA1D7E5C18071FA77FB73FEC09A7142,145883.97,145883.97,2026-07-12,2026-08-07
adzuna_5798445316,BI Analyst II,Indeed,us,adzuna,https://www.adzuna.com/land/ad/5798445316?se=Eh7GAKaS8RGWPoJqQXFPnw&utm_medium=api&utm_source=8413080e&v=D95ED8A63137722B2FAF982813F5DDD2FDEB522F,137138.39,137138.39,2026-07-12,2026-08-07
adzuna_5798542361,BI Analyst II,Indeed,us,adzuna,https://www.adzuna.com/land/ad/5798542361?se=Eh7GAKaS8RGWPoJqQXFPnw&utm_medium=api&utm_source=8413080e&v=F99FD291C9B14E0052C98DB56A4B74578DCA1182,143229.4,143229.4,2026-07-13,2026-08-07
adzuna_5798434537,BI Analyst II,Indeed,us,adzuna,https://www.adzuna.com/land/ad/5798434537?se=Eh7GAKaS8RGWPoJqQXFPnw&utm_medium=api&utm_source=8413080e&v=05FDF5D22EF19C241D0E0B1A32DE6A3084594F15,156273.8,156273.8,2026-07-12,2026-08-07
adzuna_5826542902,Remote Data Analyst,Jobsultant Solutions,us,adzuna,https://www.adzuna.com/land/ad/5826542902?se=-KPM_KWS8RGOZItUbRfjpg&utm_medium=api&utm_source=8413080e&v=1C06C86BFA4F86A7B90980B90BBE7B2024FC4EF4,73465.89,73465.89,2026-08-03,2026-08-07
adzuna_5829017787,Data Analyst,Leidos,us,adzuna,https://www.adzuna.com/land/ad/5829017787?se=-KPM_KWS8RGOZItUbRfjpg&utm_medium=api&utm_source=8413080e&v=9D66B095B7A69717E9B0F728509026318CEBFB7B,88159.74,88159.74,2026-08-05,2026-08-07
adzuna_5820379113,"Data Analyst, Specialist",Vanguard,us,adzuna,https://www.adzuna.com/land/ad/5820379113?se=-KPM_KWS8RGOZItUbRfjpg&utm_medium=api&utm_source=8413080e&v=85428849AC6DB71F6EB78FFE8D0911847E0D3225,71369.29,71369.29,2026-07-29,2026-08-07
adzuna_5802478131,Financial Data Analyst,CAI,us,adzuna,https://www.adzuna.com/land/ad/5802478131?se=-KPM_KWS8RGOZItUbRfjpg&utm_medium=api&utm_source=8413080e&v=2BBDE377DAAD5EE4376E54A24A7D6A6BCCA0A7C3,77917.57,77917.57,2026-07-16,2026-08-07
adzuna_5831428836,Business Analyst,Robert Half,us,adzuna,https://www.adzuna.com/land/ad/5831428836?se=sE6f_qWS8RG9ks23jnlnsA&utm_medium=api&utm_source=8413080e&v=DF952FFE62FB46A8DADF6D6219E74C28FD391C98,41600.0,45760.0,2026-08-06,2026-08-07
adzuna_5826544630,Business Analyst,Hisense USA,us,adzuna,https://www.adzuna.com/land/ad/5826544630?se=sE6f_qWS8RG9ks23jnlnsA&utm_medium=api&utm_source=8413080e&v=27A3DA242A1C96466BF71DE48ECE27734C2367CD,92346.57,92346.57,2026-08-03,2026-08-07
adzuna_5826546235,Business Analyst,Versana,us,adzuna,https://www.adzuna.com/land/ad/5826546235?se=sE6f_qWS8RG9ks23jnlnsA&utm_medium=api&utm_source=8413080e&v=92B2DEE7E888518BA6D413BD7425B88B73A42F1B,79332.0,79332.0,2026-08-03,2026-08-07
adzuna_5831229460,Business Analyst,Axxess Consult Inc,us,adzuna,https://www.adzuna.com/land/ad/5831229460?se=sE6f_qWS8RG9ks23jnlnsA&utm_medium=api&utm_source=8413080e&v=A4D852AC4F00C9729C3306FED5084CEA5BF4E5AE,72971.17,72971.17,2026-08-06,2026-08-07
adzuna_5831229525,Business Analyst,Verra Mobility Corporation,us,adzuna,https://www.adzuna.com/land/ad/5831229525?se=sE6f_qWS8RG9ks23jnlnsA&utm_medium=api&utm_source=8413080e&v=7796986B0857A91C5A21F0328223ED468D6B6580,60905.36,60905.36,2026-08-06,2026-08-07
adzuna_5829864549,Business Analyst,Okta,us,adzuna,https://www.adzuna.com/land/ad/5829864549?se=sE6f_qWS8RG9ks23jnlnsA&utm_medium=api&utm_source=8413080e&v=A4CDE307F5B0C394A25BE0E3E99C37AE4286DE56,100007.7,100007.7,2026-08-05,2026-08-07
adzuna_5829864518,Business Analyst,Orion Innovation,us,adzuna,https://www.adzuna.com/land/ad/5829864518?se=sE6f_qWS8RG9ks23jnlnsA&utm_medium=api&utm_source=8413080e&v=CC4DFA1A96E1DB202BCDDA2FE3FD91221D9B42D9,78196.73,78196.73,2026-08-05,2026-08-07
adzuna_5830754632,Tableau Developer,Cliff Services Inc,us,adzuna,https://www.adzuna.com/land/ad/5830754632?se=CuCWEaaS8RGlDuOngCclFw&utm_medium=api&utm_source=8413080e&v=DA88C0EBEE184AD524CF4ABA2E64803AE8CAFDC7,103947.72,103947.72,2026-08-06,2026-08-07
adzuna_5811474424,Tableau Developer,Nsight,us,adzuna,https://www.adzuna.com/land/ad/5811474424?se=CuCWEaaS8RGlDuOngCclFw&utm_medium=api&utm_source=8413080e&v=C738FA43A70A7F6D22AF5A54D80BFCD2A2750C96,115304.59,115304.59,2026-07-22,2026-08-07
adzuna_5774196647,Tableau Developer,Software Guidance & Assistance,us,adzuna,https://www.adzuna.com/land/ad/5774196647?se=CuCWEaaS8RGlDuOngCclFw&utm_medium=api&utm_source=8413080e&v=9671393E2EFE3CA9CDB93C59CDA2A3AAC6F9314F,82088.3,82088.3,2026-06-23,2026-08-07
adzuna_5774198644,Tableau Developer,Software Guidance & Assistance,us,adzuna,https://www.adzuna.com/land/ad/5774198644?se=CuCWEaaS8RGlDuOngCclFw&utm_medium=api&utm_source=8413080e&v=F89D03B301F8E856A0D46544BEEE2A4F6733749A,101710.73,101710.73,2026-06-23,2026-08-07
adzuna_5826943599,Tableau Developer with Security Clearance,NorthHill Technology Resources,us,adzuna,https://www.adzuna.com/land/ad/5826943599?se=CuCWEaaS8RGlDuOngCclFw&utm_medium=api&utm_source=8413080e&v=D51A0FC185F12CC60A33A87538F3902E3A5F281D,124965.63,124965.63,2026-08-03,2026-08-07
adzuna_5821220440,QA ANALYST,AaraTechnologies Inc,us,adzuna,https://www.adzuna.com/land/ad/5821220440?se=tknoGKaS8RGlDuOngCclFw&utm_medium=api&utm_source=8413080e&v=3E19BB9C5D3EFD29581C860AF4933B7C0CF65070,61910.75,61910.75,2026-07-30,2026-08-07
adzuna_5822429043,QA ANALYST,AaraTechnologies Inc,us,adzuna,https://www.adzuna.com/land/ad/5822429043?se=tknoGKaS8RGlDuOngCclFw&utm_medium=api&utm_source=8413080e&v=B3A93DC944CDFBE4881DD7B4C14A0E4536E2F91D,61644.1,61644.1,2026-07-31,2026-08-07
adzuna_5822617798,QA Analyst,"DatamanUSA, LLC",us,adzuna,https://www.adzuna.com/land/ad/5822617798?se=tknoGKaS8RGlDuOngCclFw&utm_medium=api&utm_source=8413080e&v=A6B81C7DFDE1341E8E92DCD4C4B2F2D77776FF37,83373.77,83373.77,2026-07-31,2026-08-07
adzuna_5810922813,QA Analyst,NinthBrain,us,adzuna,https://www.adzuna.com/land/ad/5810922813?se=tknoGKaS8RGlDuOngCclFw&utm_medium=api&utm_source=8413080e&v=6B7E922F4C4210C0D2F5F1FB06AA000CF916CBE5,72995.25,72995.25,2026-07-22,2026-08-07
adzuna_5832293330,QA Analyst,JConnect Inc,us,adzuna,https://www.adzuna.com/land/ad/5832293330?se=tknoGKaS8RGlDuOngCclFw&utm_medium=api&utm_source=8413080e&v=76648968BAA8974E815901190058DF08931CDBB4,89650.16,89650.16,2026-08-07,2026-08-07
adzuna_5813640877,"Intern - Business Intelligence (Mission, KS)",Mercury Fiber,us,adzuna,https://www.adzuna.com/land/ad/5813640877?se=VjibBKaS8RG9ks23jnlnsA&utm_medium=api&utm_source=8413080e&v=7882D20CF64C473397E7A7DC99F06F291009BF87,56225.42,56225.42,2026-07-24,2026-08-07
adzuna_5822094811,Business Intelligence Analyst,Averro,us,adzuna,https://www.adzuna.com/land/ad/5822094811?se=VjibBKaS8RG9ks23jnlnsA&utm_medium=api&utm_source=8413080e&v=5479624E1948C31EEA7CD4641FA5E0D1131AEAC4,89126.49,89126.49,2026-07-31,2026-08-07
adzuna_5817070422,Business Intelligence Director,Alliance Franchise Brands,us,adzuna,https://www.adzuna.com/land/ad/5817070422?se=VjibBKaS8RG9ks23jnlnsA&utm_medium=api&utm_source=8413080e&v=4C76FAA733FE13034537E7582A7A734B35A6A288,113470.31,113470.31,2026-07-26,2026-08-07
adzuna_5817070809,Business Intelligence Manager,CSP,us,adzuna,https://www.adzuna.com/land/ad/5817070809?se=VjibBKaS8RG9ks23jnlnsA&utm_medium=api&utm_source=8413080e&v=C94513450DFBD8A675BAE47FE82A3730A21BE638,184615.22,184615.22,2026-07-26,2026-08-07
adzuna_5814717254,Business Intelligence Manager,S+H Search,us,adzuna,https://www.adzuna.com/land/ad/5814717254?se=VjibBKaS8RG9ks23jnlnsA&utm_medium=api&utm_source=8413080e&v=6B4E3E8C33F2C4DC51A0EC28C01CCABEBC8FE206,110673.09,110673.09,2026-07-24,2026-08-07
adzuna_5826551006,Junior Data Analyst,Sparks Wiz Limited,us,adzuna,https://www.adzuna.com/land/ad/5826551006?se=brbAAqaS8RG9ks23jnlnsA&utm_medium=api&utm_source=8413080e&v=935A175F628E172BF20DEC899A07F6BB1A279C14,56659.16,56659.16,2026-08-03,2026-08-07
adzuna_5820968410,Junior Data Analyst,Hart,us,adzuna,https://www.adzuna.com/details/5820968410?utm_medium=api&utm_source=8413080e,69139.91,69139.91,2026-07-30,2026-08-07
adzuna_5731295163,Junior Data Analyst,TSTC,us,adzuna,https://www.adzuna.com/details/5731295163?utm_medium=api&utm_source=8413080e,50000.0,75000.0,2026-05-16,2026-08-07
adzuna_5820663737,Junior Data Analyst,Hart,us,adzuna,https://www.adzuna.com/details/5820663737?utm_medium=api&utm_source=8413080e,81339.57,81339.57,2026-07-29,2026-08-07
adzuna_5801215138,"Senior Director, Business Intelligence & Analytics",University of Massachusetts Amherst Foundation,us,adzuna,https://www.adzuna.com/land/ad/5801215138?se=VjibBKaS8RG9ks23jnlnsA&utm_medium=api&utm_source=8413080e&v=4951BD38934D22C4D765C1797867DC655DC5AAAB,98210.39,98210.39,2026-07-15,2026-08-07
adzuna_5831650759,Business Intelligence Manager,Butcher Power Products,us,adzuna,https://www.adzuna.com/land/ad/5831650759?se=VjibBKaS8RG9ks23jnlnsA&utm_medium=api&utm_source=8413080e&v=520FE5000D950A4C3AEA3986331F751BDA42F58F,131581.55,131581.55,2026-08-07,2026-08-07
adzuna_5831919806,Business Intelligence Manager,Butcher Power Products,us,adzuna,https://www.adzuna.com/land/ad/5831919806?se=VjibBKaS8RG9ks23jnlnsA&utm_medium=api&utm_source=8413080e&v=B41DC85E53E91ED2B0E3DECD694368AABE66F2D2,125000.0,155000.0,2026-08-07,2026-08-07
adzuna_5824488009,Business Intelligence Developer,Cyntergy,us,adzuna,https://www.adzuna.com/land/ad/5824488009?se=VjibBKaS8RG9ks23jnlnsA&utm_medium=api&utm_source=8413080e&v=1C7C7D0014FC57CA1A7A0D67323B38CF6BE95DD3,98000.0,125000.0,2026-08-01,2026-08-07
adzuna_5816441128,Business Intelligence Development Lead,J.P. Morgan,us,adzuna,https://www.adzuna.com/land/ad/5816441128?se=VjibBKaS8RG9ks23jnlnsA&utm_medium=api&utm_source=8413080e&v=463D7D3B82A9888DC4CA13829C088014F6492E2E,105508.46,105508.46,2026-07-26,2026-08-07
adzuna_5820136692,Business Intelligence Manager,"Pyramid Consulting, Inc.",us,adzuna,https://www.adzuna.com/land/ad/5820136692?se=VjibBKaS8RG9ks23jnlnsA&utm_medium=api&utm_source=8413080e&v=00ED72296D106D5705AA6F37B72E1DA2745DF9C2,103005.6,103005.6,2026-07-29,2026-08-07
adzuna_5798431111,BI Analyst II,Indeed,us,adzuna,https://www.adzuna.com/land/ad/5798431111?se=Eh7GAKaS8RGWPoJqQXFPnw&utm_medium=api&utm_source=8413080e&v=EDA7B302821441CA0231E0EB525A7211BF51D197,137504.81,137504.81,2026-07-12,2026-08-07
adzuna_5798432043,BI Analyst II,Indeed,us,adzuna,https://www.adzuna.com/land/ad/5798432043?se=Eh7GAKaS8RGWPoJqQXFPnw&utm_medium=api&utm_source=8413080e&v=3F1F0DAC83D73987BD50304A005D906C1FA9AE03,136174.5,136174.5,2026-07-12,2026-08-07
adzuna_5798435656,BI Analyst II,Indeed,us,adzuna,https://www.adzuna.com/land/ad/5798435656?se=Eh7GAKaS8RGWPoJqQXFPnw&utm_medium=api&utm_source=8413080e&v=0B51F924D110C6728CFE8FF19EC20E4555E82CEA,143889.58,143889.58,2026-07-12,2026-08-07
adzuna_5798541911,BI Analyst II,Indeed,us,adzuna,https://www.adzuna.com/land/ad/5798541911?se=Eh7GAKaS8RGWPoJqQXFPnw&utm_medium=api&utm_source=8413080e&v=F4FCCDE9EE204C7A93BD597A664D0A76F46401F3,201394.38,201394.38,2026-07-13,2026-08-07
adzuna_5798445271,BI Analyst II,Indeed,us,adzuna,https://www.adzuna.com/land/ad/5798445271?se=Eh7GAKaS8RGWPoJqQXFPnw&utm_medium=api&utm_source=8413080e&v=7B222B180A4CA7DDF60D6F350F02323B73F29FCB,175200.22,175200.22,2026-07-12,2026-08-07
adzuna_5813878865,Senior Research Python Developer,Hays Specialist Recruitment Limited,gb,adzuna,https://www.adzuna.co.uk/jobs/land/ad/5813878865?se=VIfWA6GS8RGlDuOngCclFw&utm_medium=api&utm_source=8413080e&v=D9DD54AAE3D68B4523A981B4397266A20432D01C,260000.0,286000.0,2026-07-24,2026-08-07
adzuna_5817322318,Senior Python Developer Cyber Security,Client Server,gb,adzuna,https://www.adzuna.co.uk/jobs/land/ad/5817322318?se=VIfWA6GS8RGlDuOngCclFw&utm_medium=api&utm_source=8413080e&v=AAE56D1BD2C4460AEE950C2A9C8E917A1B20099B,80000.0,80000.0,2026-07-27,2026-08-07
adzuna_5818735942,Python Developer,Brio Digital,gb,adzuna,https://www.adzuna.co.uk/jobs/details/5818735942?utm_medium=api&utm_source=8413080e,0.0,143000.0,2026-07-28,2026-08-07
adzuna_5798861445,Python Developer,Noir,gb,adzuna,https://www.adzuna.co.uk/jobs/details/5798861445?utm_medium=api&utm_source=8413080e,42000.0,62000.0,2026-07-13,2026-08-07
adzuna_5119758651,Python Developer,Enorth Staffing Limited,gb,adzuna,https://www.adzuna.co.uk/jobs/land/ad/5119758651?se=VIfWA6GS8RGlDuOngCclFw&utm_medium=api&utm_source=8413080e&v=291A748B28BE3D665203F9D0FCD4BEB3D49054D5,58508.86,58508.86,2025-03-31,2026-08-07
adzuna_5811055378,Machine Learning Engineer (Mid-Snr),Deep.Meta,gb,adzuna,https://www.adzuna.co.uk/jobs/details/5811055378?utm_medium=api&utm_source=8413080e,58613.97,58613.97,2026-07-22,2026-08-07
adzuna_5815071544,AI Engineer / Machine Learning Engineer / Generative AI Engineer (Azure),Sainsbury's DTD,gb,adzuna,https://www.adzuna.co.uk/jobs/land/ad/5815071544?se=KB14DKGS8RG9ks23jnlnsA&utm_medium=api&utm_source=8413080e&v=E1DDCDF21D3FAFCB1E314CC7671FF13FB20C73D8,57521.34,57521.34,2026-07-25,2026-08-07
adzuna_5831512440,Junior AI Engineer / Machine Learning Engineer no experience needed,NEWTO TRAINING LIMITED,gb,adzuna,https://www.adzuna.co.uk/jobs/land/ad/5831512440?se=KB14DKGS8RG9ks23jnlnsA&utm_medium=api&utm_source=8413080e&v=695A26C7FBC513F7377AD8164825EC8EE6DBDA04,65000.0,65000.0,2026-08-07,2026-08-07
adzuna_5831512429,Junior AI Engineer / Machine Learning Engineer no experience needed,NEWTO TRAINING LIMITED,gb,adzuna,https://www.adzuna.co.uk/jobs/land/ad/5831512429?se=KB14DKGS8RG9ks23jnlnsA&utm_medium=api&utm_source=8413080e&v=F31C1CA86938DDD2BB97C6B38B824A3E04066FA8,65000.0,65000.0,2026-08-07,2026-08-07
adzuna_5826615177,Research Analyst,Chambers and Partners,gb,adzuna,https://www.adzuna.co.uk/jobs/details/5826615177?utm_medium=api&utm_source=8413080e,43398.4,43398.4,2026-08-03,2026-08-07
adzuna_5817569584,Data Scientist,Ocho,gb,adzuna,https://www.adzuna.co.uk/jobs/land/ad/5817569584?se=5nB0CKGS8RG9ks23jnlnsA&utm_medium=api&utm_source=8413080e&v=4F4CE7F64D5024622B432A2A7D599FAD5E5468BE,85000.0,85000.0,2026-07-27,2026-08-07
adzuna_5823190195,Senior Data Scientist,Sirius Analysis Limited,gb,adzuna,https://www.adzuna.co.uk/jobs/land/ad/5823190195?se=5nB0CKGS8RG9ks23jnlnsA&utm_medium=api&utm_source=8413080e&v=3C9EF4DEBAB09539EE69AE8B86590F693984CF39,25.0,25.0,2026-08-01,2026-08-07
adzuna_5831302839,Data Scientist,WEETABIX LIMITED,gb,adzuna,https://www.adzuna.co.uk/jobs/land/ad/5831302839?se=5nB0CKGS8RG9ks23jnlnsA&utm_medium=api&utm_source=8413080e&v=87420745180AB4E076AC87626AEF292F9A69C31D,46283.12,46283.12,2026-08-07,2026-08-07
adzuna_5829131482,Data Scientist II,AXA Insurance Ltd.,gb,adzuna,https://www.adzuna.co.uk/jobs/land/ad/5829131482?se=5nB0CKGS8RG9ks23jnlnsA&utm_medium=api&utm_source=8413080e&v=623290C4D091EA554E185B7D6991DF4AFB8A3452,45000.0,45000.0,2026-08-05,2026-08-07
adzuna_5827853914,Data Scientist,Method Resourcing,gb,adzuna,https://www.adzuna.co.uk/jobs/details/5827853914?utm_medium=api&utm_source=8413080e,60000.0,70000.0,2026-08-04,2026-08-07
adzuna_5812591329,Data Science Manager,Salt,gb,adzuna,https://www.adzuna.co.uk/jobs/land/ad/5812591329?se=5nB0CKGS8RG9ks23jnlnsA&utm_medium=api&utm_source=8413080e&v=B77086A7D40AA2972BC3ED751E39FB6EC438C5BA,100000.0,100000.0,2026-07-23,2026-08-07
adzuna_5821653503,Data Science Manager,WRK DIGITAL LTD,gb,adzuna,https://www.adzuna.co.uk/jobs/land/ad/5821653503?se=5nB0CKGS8RG9ks23jnlnsA&utm_medium=api&utm_source=8413080e&v=4FBA06C857D860AEB82AFA6E98E43A405C1658CE,70000.0,70000.0,2026-07-30,2026-08-07
adzuna_5830191010,Data Scientist,AXA,gb,adzuna,https://www.adzuna.co.uk/jobs/land/ad/5830191010?se=5nB0CKGS8RG9ks23jnlnsA&utm_medium=api&utm_source=8413080e&v=30BF6BA7EC6EA003864D0FEEC9C622910B5B152F,66782.71,66782.71,2026-08-06,2026-08-07
adzuna_5825453050,Data Scientist,Vitality,gb,adzuna,https://www.adzuna.co.uk/jobs/land/ad/5825453050?se=5nB0CKGS8RG9ks23jnlnsA&utm_medium=api&utm_source=8413080e&v=4FFEA211AA118E1EE5B121F9A21034131DF9224F,49880.89,49880.89,2026-08-02,2026-08-07
adzuna_5809635178,Data Scientist,BAE Systems Digital Intelligence,gb,adzuna,https://www.adzuna.co.uk/jobs/land/ad/5809635178?se=5nB0CKGS8RG9ks23jnlnsA&utm_medium=api&utm_source=8413080e&v=B26A891163A21CEA6899F12715DB79749DF83A89,69412.24,69412.24,2026-07-21,2026-08-07
adzuna_5832273724,Lead ETL Developer,Rivago infotech inc,us,adzuna,https://www.adzuna.com/land/ad/5832273724?se=pvawDaaS8RGOZItUbRfjpg&utm_medium=api&utm_source=8413080e&v=8EDC5EE6EF76CD5546D74A204A985AD32AD51F16,141688.78,141688.78,2026-08-07,2026-08-07
adzuna_5791193818,Senior ETL Developer,9th Way Insignia,us,adzuna,https://www.adzuna.com/land/ad/5791193818?se=pvawDaaS8RGOZItUbRfjpg&utm_medium=api&utm_source=8413080e&v=8B4E2EADC518A112C1D6E877D81C2E851174AC41,160438.86,160438.86,2026-07-07,2026-08-07
adzuna_5832286570,Junior ETL Developer,Brooksource,us,adzuna,https://www.adzuna.com/land/ad/5832286570?se=pvawDaaS8RGOZItUbRfjpg&utm_medium=api&utm_source=8413080e&v=5B731C98C483657E49FCC6F6E62FFB539FA1A2EF,82859.02,82859.02,2026-08-07,2026-08-07
adzuna_5830840261,Lead ETL Developer,HUMAC INC.,us,adzuna,https://www.adzuna.com/land/ad/5830840261?se=pvawDaaS8RGOZItUbRfjpg&utm_medium=api&utm_source=8413080e&v=8F6D5CF8A5E19E4771F7E20875DB1A0E086713B3,92288.55,92288.55,2026-08-06,2026-08-07
adzuna_5829058820,Senior ETL Developer,Apex Systems,us,adzuna,https://www.adzuna.com/land/ad/5829058820?se=pvawDaaS8RGOZItUbRfjpg&utm_medium=api&utm_source=8413080e&v=CD10CD19E1F29EB3DB7629126E141463A5B43F10,93442.78,93442.78,2026-08-05,2026-08-07
adzuna_5827013654,"Data Scientist, Senior","BOOZ, ALLEN & HAMILTON, INC.",us,adzuna,https://www.adzuna.com/land/ad/5827013654?se=9Gc6FaaS8RG9ks23jnlnsA&utm_medium=api&utm_source=8413080e&v=FB7497A79AB5A9308CD0F4A94F0052B2AC0194BF,186406.84,186406.84,2026-08-03,2026-08-07
adzuna_5826900825,"Data Scientist, Senior","BOOZ, ALLEN & HAMILTON, INC.",us,adzuna,https://www.adzuna.com/land/ad/5826900825?se=9Gc6FaaS8RG9ks23jnlnsA&utm_medium=api&utm_source=8413080e&v=48D61567B384AE96007F7F823115B480FF93DF39,150516.69,150516.69,2026-08-03,2026-08-07
adzuna_5789985191,Data Scientist,MANTECH,us,adzuna,https://www.adzuna.com/land/ad/5789985191?se=9Gc6FaaS8RG9ks23jnlnsA&utm_medium=api&utm_source=8413080e&v=ECDE68B23D3AC312E311C3894F422B9A35507C99,112013.98,112013.98,2026-07-06,2026-08-07
adzuna_5792991528,Data Scientist,MANTECH,us,adzuna,https://www.adzuna.com/land/ad/5792991528?se=9Gc6FaaS8RG9ks23jnlnsA&utm_medium=api&utm_source=8413080e&v=8153E7478DECFDC1171862ABD6C9D22DA42C2FBC,103764.39,103764.39,2026-07-08,2026-08-07
adzuna_5817696405,Data Scientist,MANTECH,us,adzuna,https://www.adzuna.com/land/ad/5817696405?se=9Gc6FaaS8RG9ks23jnlnsA&utm_medium=api&utm_source=8413080e&v=E9EFEB2C3A8995053BDB9D0440DD78E5568C8C77,108394.18,108394.18,2026-07-27,2026-08-07
adzuna_5831236995,Lead ETL Developer,Rivago infotech inc,us,adzuna,https://www.adzuna.com/land/ad/5831236995?se=pvawDaaS8RGOZItUbRfjpg&utm_medium=api&utm_source=8413080e&v=3F186B72CDB7887F023872595B90B97501119E57,146903.12,146903.12,2026-08-06,2026-08-07
adzuna_5812563332,Senior ETL Developer,VBeyond Corporation,us,adzuna,https://www.adzuna.com/land/ad/5812563332?se=pvawDaaS8RGOZItUbRfjpg&utm_medium=api&utm_source=8413080e&v=F66F440D30AAB2023371C022494D9A57A0CCF82F,115856.39,115856.39,2026-07-23,2026-08-07
adzuna_5795014605,ETL Developer,Insight Global,us,adzuna,https://www.adzuna.com/land/ad/5795014605?se=pvawDaaS8RGOZItUbRfjpg&utm_medium=api&utm_source=8413080e&v=F6D99A7A3FD8F422E59B3A18D5A58D37C25BDAE0,106117.87,106117.87,2026-07-09,2026-08-07
adzuna_5822371315,Power BI Developer,ElevaIT Solutions,us,adzuna,https://www.adzuna.com/land/ad/5822371315?se=tD3SD6aS8RGlDuOngCclFw&utm_medium=api&utm_source=8413080e&v=DDE29A22F1144ECF3873F3915A3C111CE34BF7AC,65641.34,65641.34,2026-07-31,2026-08-07
adzuna_5831828959,Power BI Developer,i-TEK Solutions,us,adzuna,https://www.adzuna.com/land/ad/5831828959?se=tD3SD6aS8RGlDuOngCclFw&utm_medium=api&utm_source=8413080e&v=F373728846B1CAC9C8F64F5C05E16935D5D64B09,85043.71,85043.71,2026-08-07,2026-08-07
adzuna_5799204511,Senior GEOINT Data Scientist,ManTech International,us,adzuna,https://www.adzuna.com/land/ad/5799204511?se=9Gc6FaaS8RG9ks23jnlnsA&utm_medium=api&utm_source=8413080e&v=98E697DAA028C0E75853CE621A880653C6B8CF43,140000.0,180000.0,2026-07-13,2026-08-07
adzuna_5822710402,Data Scientist,"Tekaccel, Inc",us,adzuna,https://www.adzuna.com/land/ad/5822710402?se=9Gc6FaaS8RG9ks23jnlnsA&utm_medium=api&utm_source=8413080e&v=4DD22C680E05325262A053CA8B0DAB1ECC7394E6,139380.0,139380.0,2026-07-31,2026-08-07
adzuna_5828101708,"Data Scientist, Mid","BOOZ, ALLEN & HAMILTON, INC.",us,adzuna,https://www.adzuna.com/land/ad/5828101708?se=9Gc6FaaS8RG9ks23jnlnsA&utm_medium=api&utm_source=8413080e&v=B748BBB96FAB837F98F01B2C85DB328FCEAF22BC,117323.17,117323.17,2026-08-04,2026-08-07
adzuna_5830502600,Lead Machine Learning Engineer (IC),Capital One,us,adzuna,https://www.adzuna.com/land/ad/5830502600?se=XGsnF6aS8RGlDuOngCclFw&utm_medium=api&utm_source=8413080e&v=7C66752E68E455F44E1963146590EDD347E28A58,207187.95,207187.95,2026-08-06,2026-08-07
adzuna_5830470829,Lead Machine Learning Engineer (IC),Capital One,us,adzuna,https://www.adzuna.com/land/ad/5830470829?se=XGsnF6aS8RGlDuOngCclFw&utm_medium=api&utm_source=8413080e&v=F8D5FC59044B8D0AE4168FC4D8993AAA7B000671,197634.72,197634.72,2026-08-06,2026-08-07
adzuna_5799153236,Python Developer,Citadel Information Services Inc,us,adzuna,https://www.adzuna.com/land/ad/5799153236?se=MIFVE6aS8RGWPoJqQXFPnw&utm_medium=api&utm_source=8413080e&v=B0ED4F56ACCE7613AB310EC548675E795AC76B2C,123085.26,123085.26,2026-07-13,2026-08-07
adzuna_5700345161,Python Developer,ACI Infotech,us,adzuna,https://www.adzuna.com/land/ad/5700345161?se=MIFVE6aS8RGWPoJqQXFPnw&utm_medium=api&utm_source=8413080e&v=C10FC612421913DE999761D442487318275E040B,120372.01,120372.01,2026-04-15,2026-08-07
adzuna_5821831990,Python Developer,Software Guidance & Assistance,us,adzuna,https://www.adzuna.com/land/ad/5821831990?se=MIFVE6aS8RGWPoJqQXFPnw&utm_medium=api&utm_source=8413080e&v=FF5214A34302CB1162AE765E1CD76B8287980C0B,107856.23,107856.23,2026-07-30,2026-08-07
adzuna_5792951018,Senior AI/ Data Scientist - Pricing Promotion,Cargill,us,adzuna,https://www.adzuna.com/land/ad/5792951018?se=9Gc6FaaS8RG9ks23jnlnsA&utm_medium=api&utm_source=8413080e&v=2778C0C69866939700CB52051FA3F78C9F5E28BE,163926.2,163926.2,2026-07-08,2026-08-07
adzuna_5808654182,Senior Data Scientist,Trane Technologies,us,adzuna,https://www.adzuna.com/land/ad/5808654182?se=9Gc6FaaS8RG9ks23jnlnsA&utm_medium=api&utm_source=8413080e&v=23F0D475E7B68CFEB479ED010E33721F3B1136D8,198653.98,198653.98,2026-07-20,2026-08-07
adzuna_5828860830,Senior Machine Learning Engineer,HSBC,gb,adzuna,https://www.adzuna.co.uk/jobs/land/ad/5828860830?se=KB14DKGS8RG9ks23jnlnsA&utm_medium=api&utm_source=8413080e&v=1420CA07E1D1A5212B6A0AF029265479FB1F9BB7,69033.84,69033.84,2026-08-05,2026-08-07
adzuna_5814254992,Lead Machine Learning Engineer,Kingfisher,gb,adzuna,https://www.adzuna.co.uk/jobs/land/ad/5814254992?se=KB14DKGS8RG9ks23jnlnsA&utm_medium=api&utm_source=8413080e&v=F06BD9962722331BD28CFB2F606D3958B9BBE599,59706.5,59706.5,2026-07-24,2026-08-07
adzuna_5803525249,AI & Machine Learning Engineer,Tenth Revolution Group,gb,adzuna,https://www.adzuna.co.uk/jobs/land/ad/5803525249?se=KB14DKGS8RG9ks23jnlnsA&utm_medium=api&utm_source=8413080e&v=DED1D71C8546CCC7FD2A19A748393AC624339338,45000.0,75000.0,2026-07-16,2026-08-07
adzuna_5806940200,Staff Machine Learning Engineer,Just Eat,gb,adzuna,https://www.adzuna.co.uk/jobs/land/ad/5806940200?se=KB14DKGS8RG9ks23jnlnsA&utm_medium=api&utm_source=8413080e&v=B3FB40B8E113A1EEB5AA1B50B8DDEA25C17AB0B3,75930.56,75930.56,2026-07-19,2026-08-07
adzuna_5828127850,Machine Learning Engineer (Computer Vision),Sanderson Recruitment,gb,adzuna,https://www.adzuna.co.uk/jobs/land/ad/5828127850?se=KB14DKGS8RG9ks23jnlnsA&utm_medium=api&utm_source=8413080e&v=239D927288A3300EFFD00C1D087CABDB4AE4DD17,60000.0,60000.0,2026-08-04,2026-08-07
adzuna_5830519420,Research Analyst,Corus Consultancy,gb,adzuna,https://www.adzuna.co.uk/jobs/details/5830519420?utm_medium=api&utm_source=8413080e,35000.0,38000.0,2026-08-06,2026-08-07
adzuna_5832206019,Data and Research Analyst,Michael Page Technology,gb,adzuna,https://www.adzuna.co.uk/jobs/land/ad/5832206019?se=XngEEqGS8RGOZItUbRfjpg&utm_medium=api&utm_source=8413080e&v=22B227FE711966DB10091C7AA9FD294A6F08719B,91000.0,104000.0,2026-08-07,2026-08-07
adzuna_5431021732,Research Analyst,Summit Federal Services,gb,adzuna,https://www.adzuna.co.uk/jobs/details/5431021732?utm_medium=api&utm_source=8413080e,41558.21,41558.21,2025-10-04,2026-08-07
adzuna_5779213207,Research Analyst,Schroders,gb,adzuna,https://www.adzuna.co.uk/jobs/details/5779213207?utm_medium=api&utm_source=8413080e,39222.22,39222.22,2026-06-27,2026-08-07
adzuna_5828048064,Research Analyst,Intropic,gb,adzuna,https://www.adzuna.co.uk/jobs/details/5828048064?utm_medium=api&utm_source=8413080e,43041.41,43041.41,2026-08-04,2026-08-07
adzuna_5808225331,Senior QA Analyst - Fixed-Term Contract,Rebellion,gb,adzuna,https://www.adzuna.co.uk/jobs/details/5808225331?utm_medium=api&utm_source=8413080e,32354.34,32354.34,2026-07-20,2026-08-07
adzuna_5826519445,Junior QA Analyst - Old School RuneScape,Jagex: The RuneScape Company,gb,adzuna,https://www.adzuna.co.uk/jobs/details/5826519445?utm_medium=api&utm_source=8413080e,31614.07,31614.07,2026-08-03,2026-08-07
adzuna_5821148495,QA/Technical Analyst,Adaptable Recruitment,gb,adzuna,https://www.adzuna.co.uk/jobs/land/ad/5821148495?se=IJkLFKGS8RGOZItUbRfjpg&utm_medium=api&utm_source=8413080e&v=95E3B880F5E249AB3D9B3754E8C5721744D9D258,40000.0,50000.0,2026-07-30,2026-08-07
adzuna_5815905319,QA Test Analyst,Qudos Recruitment Ltd,gb,adzuna,https://www.adzuna.co.uk/jobs/details/5815905319?utm_medium=api&utm_source=8413080e,40000.0,40000.0,2026-07-26,2026-08-07
adzuna_5827663613,QA Test Analyst,Bibby Financial Services,gb,adzuna,https://www.adzuna.co.uk/jobs/details/5827663613?utm_medium=api&utm_source=8413080e,40000.0,46000.0,2026-08-04,2026-08-07
adzuna_5812148134,Research Analyst,Bank of America,gb,adzuna,https://www.adzuna.co.uk/jobs/details/5812148134?utm_medium=api&utm_source=8413080e,38083.59,38083.59,2026-07-23,2026-08-07
adzuna_5828149406,GIS Data & Research Analyst (Full Time) (Temporary) - REN14899,RENFREWSHIRE COUNCIL,gb,adzuna,https://www.adzuna.co.uk/jobs/land/ad/5828149406?se=XngEEqGS8RGOZItUbRfjpg&utm_medium=api&utm_source=8413080e&v=82098FE38CE9729BEAA425721B6234B072635F82,40001.0,50000.0,2026-08-04,2026-08-07
adzuna_5822581014,Sustainability Research Analyst,M&G FA Limited,gb,adzuna,https://www.adzuna.co.uk/jobs/land/ad/5822581014?se=XngEEqGS8RGOZItUbRfjpg&utm_medium=api&utm_source=8413080e&v=8DAC9D1A2F3CFA7CC652369534362B1384DEB3B1,42961.53,42961.53,2026-07-31,2026-08-07
adzuna_5810893906,Research Analyst - USA,Chambers and Partners,gb,adzuna,https://www.adzuna.co.uk/jobs/details/5810893906?utm_medium=api&utm_source=8413080e,48162.83,48162.83,2026-07-22,2026-08-07
adzuna_5807191777,Junior Research Analyst,IN2,gb,adzuna,https://www.adzuna.co.uk/jobs/details/5807191777?utm_medium=api&utm_source=8413080e,32275.78,32275.78,2026-07-19,2026-08-07
adzuna_5831392138,PL/SQL Developer (Oracle & IBM DataStage),Advanced Resource Managers Ltd,gb,adzuna,https://www.adzuna.co.uk/jobs/details/5831392138?utm_medium=api&utm_source=8413080e,122200.0,122200.0,2026-08-07,2026-08-07
adzuna_5816265675,Database Developer,Hackajob Ltd,gb,adzuna,https://www.adzuna.co.uk/jobs/land/ad/5816265675?se=uIvx86CS8RGlDuOngCclFw&utm_medium=api&utm_source=8413080e&v=F12105BD9803EB8EE67EFD25382FE12068F7A964,55000.0,55000.0,2026-07-26,2026-08-07
adzuna_5805134886,Database Developer,Verisk,gb,adzuna,https://www.adzuna.co.uk/jobs/land/ad/5805134886?se=uIvx86CS8RGlDuOngCclFw&utm_medium=api&utm_source=8413080e&v=D561220B45125B4B69FCE19AEEA5CD6CAF41AC14,41382.02,41382.02,2026-07-17,2026-08-07
adzuna_5806152242,Database Developer,Verisk Analytics,gb,adzuna,https://www.adzuna.co.uk/jobs/details/5806152242?utm_medium=api&utm_source=8413080e,46070.82,46070.82,2026-07-18,2026-08-07
adzuna_5819000455,SQL Server Database Developer,Pearson Carter,gb,adzuna,https://www.adzuna.co.uk/jobs/details/5819000455?utm_medium=api&utm_source=8413080e,50000.0,55000.0,2026-07-29,2026-08-07
adzuna_5830307387,One Stop - Database Developer,Tesco,gb,adzuna,https://www.adzuna.co.uk/jobs/details/5830307387?utm_medium=api&utm_source=8413080e,54607.19,54607.19,2026-08-06,2026-08-07
adzuna_5819000469,"SQL Server Database Developer | up to £55,000 | Dartford, Hybrid",Pearson Carter,gb,adzuna,https://www.adzuna.co.uk/jobs/details/5819000469?utm_medium=api&utm_source=8413080e,50000.0,55000.0,2026-07-29,2026-08-07
adzuna_5210480104,GFT Genesis Data Services Database Developer Pune AVP/C12 (R23036414),Citi,gb,adzuna,https://www.adzuna.co.uk/jobs/details/5210480104?utm_medium=api&utm_source=8413080e,57806.64,57806.64,2025-05-22,2026-08-07
adzuna_5810686726,Developer Advocate (Database),JetBrains,gb,adzuna,https://www.adzuna.co.uk/jobs/details/5810686726?utm_medium=api&utm_source=8413080e,44882.51,44882.51,2026-07-22,2026-08-07
adzuna_5820557975,Database Engineer / SQL Server Developer,Gattaca PBS,gb,adzuna,https://www.adzuna.co.uk/jobs/details/5820557975?utm_medium=api&utm_source=8413080e,77375.83,77375.83,2026-07-30,2026-08-07
adzuna_5820418682,Database Engineer / SQL Server Developer,FBI &TMT,gb,adzuna,https://www.adzuna.co.uk/jobs/details/5820418682?utm_medium=api&utm_source=8413080e,74529.78,74529.78,2026-07-30,2026-08-07
adzuna_5786763990,Sales Development Representative [gn] Database,Actian Corporation,gb,adzuna,https://www.adzuna.co.uk/jobs/details/5786763990?utm_medium=api&utm_source=8413080e,45546.68,45546.68,2026-07-03,2026-08-07
adzuna_5812352300,.NET Engineer | Outside IR35 | £450-550/day | 6 Months,Method Resourcing,gb,adzuna,https://www.adzuna.co.uk/jobs/land/ad/5812352300?se=uIvx86CS8RGlDuOngCclFw&utm_medium=api&utm_source=8413080e&v=9265953CE6CB4EC60CBB3E325CF8D7B91AFFB404,107863.02,107863.02,2026-07-23,2026-08-07
adzuna_5820600277,Internal Project Sales Engineer,Rubix,gb,adzuna,https://www.adzuna.co.uk/jobs/land/ad/5820600277?se=uIvx86CS8RGlDuOngCclFw&utm_medium=api&utm_source=8413080e&v=A52D206A618F20D0DCDBB8707ADDC7721EB79E4C,46230.45,46230.45,2026-07-30,2026-08-07
adzuna_5821132611,Business Analyst - Salesforce System,ROSE & YOUNG RECRUITMENT LTD,gb,adzuna,https://www.adzuna.co.uk/jobs/details/5821132611?utm_medium=api&utm_source=8413080e,45000.0,50000.0,2026-07-30,2026-08-07
adzuna_5819973654,Software Developer,FT Recruitment Group,gb,adzuna,https://www.adzuna.co.uk/jobs/land/ad/5819973654?se=uIvx86CS8RGlDuOngCclFw&utm_medium=api&utm_source=8413080e&v=44CB04892A4CD47BFF52D5A245F7736F1B1E173F,35000.0,40000.0,2026-07-29,2026-08-07
adzuna_5809635354,Software Development Team Lead - Regulatory Data,Bet365,gb,adzuna,https://www.adzuna.co.uk/jobs/land/ad/5809635354?se=uIvx86CS8RGlDuOngCclFw&utm_medium=api&utm_source=8413080e&v=23B265AF4A40A3DA8CDD06CE78327B8EBF930BB7,63127.74,63127.74,2026-07-21,2026-08-07
adzuna_5817189689,SQL Server DBA / Data Engineer,Noir,gb,adzuna,https://www.adzuna.co.uk/jobs/land/ad/5817189689?se=uIvx86CS8RGlDuOngCclFw&utm_medium=api&utm_source=8413080e&v=115CB50A8DF7C8752FBC0E036856F461247CA622,60000.0,85000.0,2026-07-27,2026-08-07
adzuna_5827217569,Reliability Engineer,Vantage Consulting,gb,adzuna,https://www.adzuna.co.uk/jobs/details/5827217569?utm_medium=api&utm_source=8413080e,0.0,55000.0,2026-08-04,2026-08-07
adzuna_5821431580,Database Administrator,Ocho,gb,adzuna,https://www.adzuna.co.uk/jobs/land/ad/5821431580?se=ROIH9qCS8RGOZItUbRfjpg&utm_medium=api&utm_source=8413080e&v=E9EE16543F9F37106E3CAAC4310B6E57C452DAFB,60000.0,60000.0,2026-07-30,2026-08-07
adzuna_5817563137,Python Developer,Whiztek Corp,us,adzuna,https://www.adzuna.com/land/ad/5817563137?se=MIFVE6aS8RGWPoJqQXFPnw&utm_medium=api&utm_source=8413080e&v=059468E84813981A0DBA6AA72EF9471F91A7A56A,117401.29,117401.29,2026-07-27,2026-08-07
adzuna_5811121157,Python Developer,Dice US Sales Demo Account,us,adzuna,https://www.adzuna.com/land/ad/5811121157?se=MIFVE6aS8RGWPoJqQXFPnw&utm_medium=api&utm_source=8413080e&v=03C6C0725E98D0DA52C2331D0504B242CED3B7D1,80186.04,80186.04,2026-07-22,2026-08-07
adzuna_5826813631,Python Developer,Amiseq Inc.,us,adzuna,https://www.adzuna.com/land/ad/5826813631?se=MIFVE6aS8RGWPoJqQXFPnw&utm_medium=api&utm_source=8413080e&v=8376905E16D180F3F0BD52C7C40E104DA01F3750,78216.56,78216.56,2026-08-03,2026-08-07
adzuna_5827850103,Python Developer,LOGICEXCELL LLC,us,adzuna,https://www.adzuna.com/land/ad/5827850103?se=MIFVE6aS8RGWPoJqQXFPnw&utm_medium=api&utm_source=8413080e&v=86852C08D293F47BFC388EE547B28886E08912EE,127962.79,127962.79,2026-08-04,2026-08-07
adzuna_5831241843,Python Developer,Synergie Systems,us,adzuna,https://www.adzuna.com/land/ad/5831241843?se=MIFVE6aS8RGWPoJqQXFPnw&utm_medium=api&utm_source=8413080e&v=761C394CC235B119081BD21E0049A2B8271AF8E6,96652.2,96652.2,2026-08-06,2026-08-07
adzuna_5832526857,Python Developer,"SAI Systems Intl., Inc.",us,adzuna,https://www.adzuna.com/land/ad/5832526857?se=fkpzn7KS8RG9ks23jnlnsA&utm_medium=api&utm_source=8413080e&v=352C7EC47888D2E7C52C8E81D805D5EC9FD855B3,106575.67,106575.67,2026-08-07,2026-08-07
adzuna_5832580965,Data Scientist,"Zaden Technologies, Inc.",us,adzuna,https://www.adzuna.com/land/ad/5832580965?se=6IY0obKS8RG9ks23jnlnsA&utm_medium=api&utm_source=8413080e&v=5E9259458CDA9D01262C2A019410C26F7E564FC8,123424.14,123424.14,2026-08-07,2026-08-07
remotive_2091087,SaaS Product Support Jedi,Creative Force,remote,remotive,https://remotive.com/remote-jobs/customer-service/saas-product-support-jedi-2091087,,,2026-08-05,2026-08-07
remotive_2091081,Senior Graphic Designer,Lemon.io,remote,remotive,https://remotive.com/remote-jobs/design/senior-graphic-designer-2091081,,,2026-07-28,2026-08-07
remotive_2090903,Data Labeling Specialists,Workada,remote,remotive,https://remotive.com/remote-jobs/data/data-labeling-specialists-2090903,,,2026-07-26,2026-08-07
remotive_2091075,Business Development Representative,Outsite,remote,remotive,https://remotive.com/remote-jobs/sales/business-development-representative-2091075,,,2026-07-23,2026-08-07
remotive_2091074,Content Reviewer - United States,TELUS Digital,remote,remotive,https://remotive.com/remote-jobs/all-others/content-reviewer-united-states-2091074,,,2026-07-23,2026-08-07
remotive_2091069,Patient Care Specialist,STATLINX,remote,remotive,https://remotive.com/remote-jobs/medical/patient-care-specialist-2091069,,,2026-07-16,2026-08-07
remotive_1919265,Senior Independent Software Developer,A.Team,remote,remotive,https://remotive.com/remote-jobs/software-development/senior-independent-software-developer-1919265,,,2026-07-16,2026-08-07
remotive_1919266,Senior Independent AI Engineer / Architect,A.Team,remote,remotive,https://remotive.com/remote-jobs/software-development/senior-independent-ai-engineer-architect-1919266,,,2026-07-16,2026-08-07
remotive_2091068,Head of Marketing & Communications,garden3d,remote,remotive,https://remotive.com/remote-jobs/marketing/head-of-marketing-communications-2091068,,,2026-07-16,2026-08-07
remotive_2069746,Tech Lead Full-Stack Rails Engineer,Mitre Media,remote,remotive,https://remotive.com/remote-jobs/software-development/tech-lead-full-stack-rails-engineer-2069746,,,2026-07-14,2026-08-07
remotive_2091067,Senior DevOps Engineer,Lemon.io,remote,remotive,https://remotive.com/remote-jobs/devops/senior-devops-engineer-2091067,,,2026-07-14,2026-08-07
remotive_2091062,Senior Product Engineer (Fullstack),Clipster,remote,remotive,https://remotive.com/remote-jobs/software-development/senior-product-engineer-fullstack-2091062,,,2026-07-13,2026-08-07
remotive_1680495,Remote Office Assistant,Coalition Technologies ,remote,remotive,https://remotive.com/remote-jobs/marketing/remote-office-assistant-1680495,,,2026-07-11,2026-08-07
remotive_2086540,Inside Sales Contractor,"Credit Wellness, LLC",remote,remotive,https://remotive.com/remote-jobs/sales/inside-sales-contractor-2086540,,,2026-07-08,2026-08-07
remotive_2090949,High-Ticket Financial Sales Specialist & Team Lead Track,FSE LLC,remote,remotive,https://remotive.com/remote-jobs/sales/high-ticket-financial-sales-specialist-team-lead-track-2090949,,,2026-07-08,2026-08-07
remotive_2091047,Online Data Analyst Canada (French Language) (C),TELUS Digital,remote,remotive,https://remotive.com/remote-jobs/all-others/online-data-analyst-canada-french-language-c-2091047,,,2026-07-08,2026-08-07
remoteok_1136299,Senior React Full stack Developer,Lemon.io,remote,remoteok,https://remoteok.com/remote-jobs/1136299,50000.0,210000.0,,2026-08-09
adzuna_5829864366,Business Analyst,Orion Innovation,us,adzuna,https://www.adzuna.com/land/ad/5829864366?se=sE6f_qWS8RG9ks23jnlnsA&utm_medium=api&utm_source=8413080e&v=142FA81036B0D8F25C5E6EBB90F20274533EB565,74611.56,74611.56,2026-08-05,2026-08-07
adzuna_5830499887,Customer Support Business Analyst,DynPro Inc.,us,adzuna,https://www.adzuna.com/details/5830499887?utm_medium=api&utm_source=8413080e,53336.67,53336.67,2026-08-06,2026-08-07
adzuna_5830510030,Customer Support Business Analyst,DynPro Inc.,us,adzuna,https://www.adzuna.com/land/ad/5830510030?se=sE6f_qWS8RG9ks23jnlnsA&utm_medium=api&utm_source=8413080e&v=368906C6DCC6A14329C579A519C11B6B9501C5F3,60820.5,60820.5,2026-08-06,2026-08-07
adzuna_5830455354,Customer Support Business Analyst,DynPro Inc.,us,adzuna,https://www.adzuna.com/land/ad/5830455354?se=sE6f_qWS8RG9ks23jnlnsA&utm_medium=api&utm_source=8413080e&v=29864A9386516CE4857070E39DC7C8E003E34989,50309.76,50309.76,2026-08-06,2026-08-07
adzuna_5831828693,Power BI Developer,Page Group,us,adzuna,https://www.adzuna.com/land/ad/5831828693?se=tD3SD6aS8RGlDuOngCclFw&utm_medium=api&utm_source=8413080e&v=F62D52958FD472F9CC76B4257B831E6CB544AE09,80971.24,80971.24,2026-08-07,2026-08-07
adzuna_5831825435,Power BI Developer,Stefanini,us,adzuna,https://www.adzuna.com/land/ad/5831825435?se=tD3SD6aS8RGlDuOngCclFw&utm_medium=api&utm_source=8413080e&v=7005ECA34CB475A12F9763F8206C032849F7D6CA,84403.79,84403.79,2026-08-07,2026-08-07
adzuna_5817552237,Power BI Developer,Search Tactics LLC,us,adzuna,https://www.adzuna.com/land/ad/5817552237?se=tD3SD6aS8RGlDuOngCclFw&utm_medium=api&utm_source=8413080e&v=07C6D919052C63A932BFED41170185EFBB23DBCB,120362.26,120362.26,2026-07-27,2026-08-07
adzuna_5830862884,Power BI Developer,"Connexion Systems and Engineering, Inc.",us,adzuna,https://www.adzuna.com/land/ad/5830862884?se=tD3SD6aS8RGlDuOngCclFw&utm_medium=api&utm_source=8413080e&v=7BBC6D4F02981A7625C4ED2EBE856BDD987E0E0A,87213.29,87213.29,2026-08-06,2026-08-07
adzuna_5827213465,Power BI Developer,"Judge Group, Inc.",us,adzuna,https://www.adzuna.com/land/ad/5827213465?se=tD3SD6aS8RGlDuOngCclFw&utm_medium=api&utm_source=8413080e&v=2DC479C7268C21B7F6A4425ECFEC31DCA512C951,138627.56,138627.56,2026-08-03,2026-08-07
adzuna_5830506052,Lead Machine Learning Engineer (IC),Capital One,us,adzuna,https://www.adzuna.com/land/ad/5830506052?se=XGsnF6aS8RGlDuOngCclFw&utm_medium=api&utm_source=8413080e&v=91A0572CDD202523497A863ED2AECF0D291B843A,156150.3,156150.3,2026-08-06,2026-08-07
adzuna_5826911660,Senior Lead Machine Learning Engineer,Capital One,us,adzuna,https://www.adzuna.com/land/ad/5826911660?se=XGsnF6aS8RGlDuOngCclFw&utm_medium=api&utm_source=8413080e&v=0F198CF7B7A6D53C8BBD8AC80C8E9B5B7690E174,241686.61,241686.61,2026-08-03,2026-08-07
adzuna_5823972743,Lead Machine Learning Engineer,Capital One,us,adzuna,https://www.adzuna.com/land/ad/5823972743?se=XGsnF6aS8RGlDuOngCclFw&utm_medium=api&utm_source=8413080e&v=7CDE57674D234604BB1C68F0AAE9D1A506C52611,206141.6,206141.6,2026-08-01,2026-08-07
adzuna_5823971578,Lead Machine Learning Engineer,Capital One,us,adzuna,https://www.adzuna.com/land/ad/5823971578?se=XGsnF6aS8RGlDuOngCclFw&utm_medium=api&utm_source=8413080e&v=766A488EBBA8158932E9AF71A42EB0B19B77651C,166236.67,166236.67,2026-08-01,2026-08-07
adzuna_5812337514,Sr. Lead Machine Learning Engineer,Capital One,us,adzuna,https://www.adzuna.com/land/ad/5812337514?se=XGsnF6aS8RGlDuOngCclFw&utm_medium=api&utm_source=8413080e&v=81A0F580032215E671E7EC9596C00B2F2ADC5657,171554.48,171554.48,2026-07-23,2026-08-07
adzuna_5830429210,Customer Support Business Analyst,DynPro Inc.,us,adzuna,https://www.adzuna.com/land/ad/5830429210?se=sE6f_qWS8RG9ks23jnlnsA&utm_medium=api&utm_source=8413080e&v=F721955B6784B2179F8E01BD81D47861F5207487,68485.05,68485.05,2026-08-06,2026-08-07
adzuna_5830429205,Customer Support Business Analyst,DynPro Inc.,us,adzuna,https://www.adzuna.com/land/ad/5830429205?se=sE6f_qWS8RG9ks23jnlnsA&utm_medium=api&utm_source=8413080e&v=B532FBFD7A618C0ACDA787B8EFF13589BF2D25C7,67315.74,67315.74,2026-08-06,2026-08-07
adzuna_5825729477,Aerospace Business Analyst,Specialized Recruiting Group,us,adzuna,https://www.adzuna.com/land/ad/5825729477?se=sE6f_qWS8RG9ks23jnlnsA&utm_medium=api&utm_source=8413080e&v=4E89B3BADDFAA8DB508DAC21BB17333B0A6325A7,100000.0,100000.0,2026-08-02,2026-08-07
adzuna_5824539044,Senior Business Analyst,Sparks Group,us,adzuna,https://www.adzuna.com/land/ad/5824539044?se=sE6f_qWS8RG9ks23jnlnsA&utm_medium=api&utm_source=8413080e&v=7012025DE1CE9EF304DC59FC8FDB12524775695E,121954.22,121954.22,2026-08-01,2026-08-07
adzuna_5820015135,Business Analyst III,"Compunnel, Inc.",us,adzuna,https://www.adzuna.com/land/ad/5820015135?se=sE6f_qWS8RG9ks23jnlnsA&utm_medium=api&utm_source=8413080e&v=7AAA2982E0861E8A3C01DA5643FAA8ABF76642BB,108160.0,108160.0,2026-07-29,2026-08-07
adzuna_5828063571,Business Analyst,CEI,us,adzuna,https://www.adzuna.com/land/ad/5828063571?se=sE6f_qWS8RG9ks23jnlnsA&utm_medium=api&utm_source=8413080e&v=8ACAC684E161CD74B0BA6540BF685541E2C6DFEF,91836.83,91836.83,2026-08-04,2026-08-07
adzuna_5814931079,Business Analyst,Asta CRS Inc.,us,adzuna,https://www.adzuna.com/land/ad/5814931079?se=sE6f_qWS8RG9ks23jnlnsA&utm_medium=api&utm_source=8413080e&v=D303F7E9B8D503F7D4B4F4BE449A253DB73D8E62,89431.3,89431.3,2026-07-25,2026-08-07
adzuna_5802213420,Business Analyst,Simplicity Group Holdings,us,adzuna,https://www.adzuna.com/land/ad/5802213420?se=sE6f_qWS8RG9ks23jnlnsA&utm_medium=api&utm_source=8413080e&v=5DB2869892428B650667E165EBB7471A73F36122,66873.59,66873.59,2026-07-16,2026-08-07
adzuna_5829352826,Business Analyst,WILLIAM W PROFESSIONAL STAFFING,us,adzuna,https://www.adzuna.com/land/ad/5829352826?se=sE6f_qWS8RG9ks23jnlnsA&utm_medium=api&utm_source=8413080e&v=374F5FC995FAF747B4DD284C3C70549AFE5B8254,77097.62,77097.62,2026-08-05,2026-08-07
adzuna_5829055556,Lead BI Analyst,EPAM Systems,us,adzuna,https://www.adzuna.com/land/ad/5829055556?se=Eh7GAKaS8RGWPoJqQXFPnw&utm_medium=api&utm_source=8413080e&v=C0268BDE786EFB1F74982AA3A844BE75A21C57BD,116514.45,116514.45,2026-08-05,2026-08-07
adzuna_5820140413,Lead BI Analyst,AgreeYa Solutions,us,adzuna,https://www.adzuna.com/land/ad/5820140413?se=Eh7GAKaS8RGWPoJqQXFPnw&utm_medium=api&utm_source=8413080e&v=3DB51B3EB49258FD0184CCA667F33DA556A00B4E,88792.06,88792.06,2026-07-29,2026-08-07
adzuna_5831836884,Junior Data/BI Analyst,SynergisticIT,us,adzuna,https://www.adzuna.com/land/ad/5831836884?se=Eh7GAKaS8RGWPoJqQXFPnw&utm_medium=api&utm_source=8413080e&v=18C2EBAF0EF8ECE705E51F43B8B9B1A621CAC03F,93868.2,93868.2,2026-08-07,2026-08-07
adzuna_5814617759,Power BI Analyst,Robert Half,us,adzuna,https://www.adzuna.com/land/ad/5814617759?se=Eh7GAKaS8RGWPoJqQXFPnw&utm_medium=api&utm_source=8413080e&v=71B6D321DC60D006536F53DF0DE5DC66695BFDE9,87249.89,87249.89,2026-07-24,2026-08-07
adzuna_5798448679,BI Analyst II,Indeed,us,adzuna,https://www.adzuna.com/land/ad/5798448679?se=Eh7GAKaS8RGWPoJqQXFPnw&utm_medium=api&utm_source=8413080e&v=E0E53F4A6046776B60D24649A8BE91D056BCE011,205405.31,205405.31,2026-07-12,2026-08-07
adzuna_5798448870,BI Analyst II,Indeed,us,adzuna,https://www.adzuna.com/land/ad/5798448870?se=Eh7GAKaS8RGWPoJqQXFPnw&utm_medium=api&utm_source=8413080e&v=38F92E6ED9F9CCC4DDCA14893D321202EB988462,135596.27,135596.27,2026-07-12,2026-08-07
adzuna_5823499466,Junior Data Analyst/BI Analyst with Security Clearance,Keaki Technologies,us,adzuna,https://www.adzuna.com/land/ad/5823499466?se=brbAAqaS8RG9ks23jnlnsA&utm_medium=api&utm_source=8413080e&v=2116276C3966DDACB933B3293A092D9CBE5B2E15,98272.79,98272.79,2026-08-01,2026-08-07
adzuna_5814843861,Junior Data Analyst w/ Top Secret,Leidos,us,adzuna,https://www.adzuna.com/land/ad/5814843861?se=brbAAqaS8RG9ks23jnlnsA&utm_medium=api&utm_source=8413080e&v=14410945DE5E351EAD6E4269EA58D2D946C057C2,107823.11,107823.11,2026-07-24,2026-08-07
adzuna_5813378014,Junior Data Analyst w/ Top Secret with Security Clearance,Leidos,us,adzuna,https://www.adzuna.com/land/ad/5813378014?se=brbAAqaS8RG9ks23jnlnsA&utm_medium=api&utm_source=8413080e&v=FECE396A3B6AE4AA2858515D28E233FF8A9D7254,93880.82,93880.82,2026-07-24,2026-08-07
adzuna_5830564201,Junior Data Analyst,ExtensisHR,us,adzuna,https://www.adzuna.com/details/5830564201?utm_medium=api&utm_source=8413080e,93084.34,93084.34,2026-08-06,2026-08-07
adzuna_5826352715,Junior Data Analyst,"Founded in 1995, ESN",us,adzuna,https://www.adzuna.com/details/5826352715?utm_medium=api&utm_source=8413080e,49478.7,49478.7,2026-08-03,2026-08-07
adzuna_5804123952,Chemical and Research Analyst,National Nuclear Laboratory,gb,adzuna,https://www.adzuna.co.uk/jobs/details/5804123952?utm_medium=api&utm_source=8413080e,45220.0,45220.0,2026-07-17,2026-08-07
adzuna_5805146653,Chemical and Research Analyst,National Nuclear Laboratory,gb,adzuna,https://www.adzuna.co.uk/jobs/details/5805146653?utm_medium=api&utm_source=8413080e,45220.0,45220.0,2026-07-17,2026-08-07
adzuna_4802578601,Technology Research Analyst,ABI Research,gb,adzuna,https://www.adzuna.co.uk/jobs/details/4802578601?utm_medium=api&utm_source=8413080e,34583.39,34583.39,2024-07-31,2026-08-07
adzuna_5830784533,Equity Research Analyst,CFRA Research,gb,adzuna,https://www.adzuna.co.uk/jobs/details/5830784533?utm_medium=api&utm_source=8413080e,54312.24,54312.24,2026-08-06,2026-08-07
adzuna_5829336309,Custom Research Analyst,ISS STOXX,gb,adzuna,https://www.adzuna.co.uk/jobs/details/5829336309?utm_medium=api&utm_source=8413080e,55250.3,55250.3,2026-08-05,2026-08-07
adzuna_5210480141,Index Research Analyst,jpmorgan,gb,adzuna,https://www.adzuna.co.uk/jobs/details/5210480141?utm_medium=api&utm_source=8413080e,37320.61,37320.61,2025-05-22,2026-08-07
adzuna_5810681729,Senior Research Analyst,IN2,gb,adzuna,https://www.adzuna.co.uk/jobs/details/5810681729?utm_medium=api&utm_source=8413080e,42623.09,42623.09,2026-07-22,2026-08-07
adzuna_5831334612,Research Analyst (Utilities),Citigroup,gb,adzuna,https://www.adzuna.co.uk/jobs/details/5831334612?utm_medium=api&utm_source=8413080e,58654.51,58654.51,2026-08-07,2026-08-07
adzuna_5810684897,Quantitative Research Analyst,Graham Capital Management,gb,adzuna,https://www.adzuna.co.uk/jobs/details/5810684897?utm_medium=api&utm_source=8413080e,200000.0,275000.0,2026-07-22,2026-08-07
adzuna_5791219243,QA Analyst,Complii,gb,adzuna,https://www.adzuna.co.uk/jobs/details/5791219243?utm_medium=api&utm_source=8413080e,43002.23,43002.23,2026-07-07,2026-08-07
adzuna_5825864656,QA Analyst,Informed Recruitment,gb,adzuna,https://www.adzuna.co.uk/jobs/details/5825864656?utm_medium=api&utm_source=8413080e,42417.58,42417.58,2026-08-02,2026-08-07
adzuna_5784653684,QA Analyst,Boehringer Ingelheim,gb,adzuna,https://www.adzuna.co.uk/jobs/details/5784653684?utm_medium=api&utm_source=8413080e,33220.3,33220.3,2026-07-02,2026-08-07
adzuna_5828046674,QA Analyst,Corpay,gb,adzuna,https://www.adzuna.co.uk/jobs/details/5828046674?utm_medium=api&utm_source=8413080e,45910.6,45910.6,2026-08-04,2026-08-07
adzuna_5828127330,QA Analyst - Web,Booker Group,gb,adzuna,https://www.adzuna.co.uk/jobs/land/ad/5828127330?se=IJkLFKGS8RGOZItUbRfjpg&utm_medium=api&utm_source=8413080e&v=099033E8488A50A2CB261443B3DB65547048CB50,43103.28,43103.28,2026-08-04,2026-08-07
adzuna_5821412986,QA Analyst - Billing,DP World,gb,adzuna,https://www.adzuna.co.uk/jobs/details/5821412986?utm_medium=api&utm_source=8413080e,42590.71,42590.71,2026-07-30,2026-08-07
adzuna_5210489520,QA Analyst (DB & ETL),dentsu,gb,adzuna,https://www.adzuna.co.uk/jobs/details/5210489520?utm_medium=api&utm_source=8413080e,38836.35,38836.35,2025-05-22,2026-08-07
adzuna_5816505504,Financial Crime QA Analyst,Lendable,gb,adzuna,https://www.adzuna.co.uk/jobs/details/5816505504?utm_medium=api&utm_source=8413080e,30159.31,30159.31,2026-07-26,2026-08-07
adzuna_5832025315,QA Test Analyst SFIA 4,TXP Technology x People,gb,adzuna,https://www.adzuna.co.uk/jobs/details/5832025315?utm_medium=api&utm_source=8413080e,111800.0,111800.0,2026-08-07,2026-08-07
adzuna_5808225351,Senior QA Analyst - Fixed-Term Contract,Rebellion,gb,adzuna,https://www.adzuna.co.uk/jobs/details/5808225351?utm_medium=api&utm_source=8413080e,33526.35,33526.35,2026-07-20,2026-08-07
adzuna_5808225336,Senior QA Analyst - Fixed-Term Contract,Rebellion,gb,adzuna,https://www.adzuna.co.uk/jobs/details/5808225336?utm_medium=api&utm_source=8413080e,30943.17,30943.17,2026-07-20,2026-08-07
adzuna_5801936289,"Senior HR MI, Systems & Analytics Analyst",Sopra Steria,gb,adzuna,https://www.adzuna.co.uk/jobs/land/ad/5801936289?se=hk1M5qCS8RGOZItUbRfjpg&utm_medium=api&utm_source=8413080e&v=E4B690A182FFE2922AE1D7F8781C16136F06FF6E,42797.75,42797.75,2026-07-16,2026-08-07
adzuna_5816497141,"Senior HR MI, Systems & Analytics Analyst",Sopra Steria,gb,adzuna,https://www.adzuna.co.uk/jobs/details/5816497141?utm_medium=api&utm_source=8413080e,44735.55,44735.55,2026-07-26,2026-08-07
adzuna_5754568805,Client Solutions & Analytics: Analyst/ Associate - London,PIMCO,gb,adzuna,https://www.adzuna.co.uk/jobs/details/5754568805?utm_medium=api&utm_source=8413080e,67708.8,67708.8,2026-06-06,2026-08-07
adzuna_5210480236,Global Banking & Markets -Trade Analytics - Analyst - Bangalore,goldman,gb,adzuna,https://www.adzuna.co.uk/jobs/details/5210480236?utm_medium=api&utm_source=8413080e,58239.14,58239.14,2025-05-22,2026-08-07
adzuna_5753215612,Client Solutions & Analytics: Analyst/ Associate - London - PIMCO,PIMCO,gb,adzuna,https://www.adzuna.co.uk/jobs/details/5753215612?utm_medium=api&utm_source=8413080e,65532.94,65532.94,2026-06-05,2026-08-07
adzuna_5798447874,BI Analyst II,Indeed,us,adzuna,https://www.adzuna.com/land/ad/5798447874?se=Eh7GAKaS8RGWPoJqQXFPnw&utm_medium=api&utm_source=8413080e&v=511B7AE8E5D5FBBCAC776940F5A9FDCD17E3238B,142915.45,142915.45,2026-07-12,2026-08-07
adzuna_5798431090,BI Analyst II,Indeed,us,adzuna,https://www.adzuna.com/land/ad/5798431090?se=Eh7GAKaS8RGWPoJqQXFPnw&utm_medium=api&utm_source=8413080e&v=6C97589D39A7F931E0BA3560DE1FFD03F9B4BA41,135533.95,135533.95,2026-07-12,2026-08-07
adzuna_5798437176,BI Analyst II,Indeed,us,adzuna,https://www.adzuna.com/land/ad/5798437176?se=Eh7GAKaS8RGWPoJqQXFPnw&utm_medium=api&utm_source=8413080e&v=ACC023A747F8B42BD6415C3531B001B0196D6DB4,195462.64,195462.64,2026-07-12,2026-08-07
adzuna_5763137407,BI Analyst I,Insight Global,us,adzuna,https://www.adzuna.com/land/ad/5763137407?se=Eh7GAKaS8RGWPoJqQXFPnw&utm_medium=api&utm_source=8413080e&v=E37180BC23926D00CF22FB30311EF360E94759BD,95657.9,95657.9,2026-06-13,2026-08-07
adzuna_5831836344,Junior Data Analyst,SynergisticIT,us,adzuna,https://www.adzuna.com/land/ad/5831836344?se=brbAAqaS8RG9ks23jnlnsA&utm_medium=api&utm_source=8413080e&v=200AC8CDCF3832079387E4E0DA9A3D1C59DB0E94,140239.19,140239.19,2026-08-07,2026-08-07
adzuna_5811201587,Junior Data Analyst,Dhalite Inc.,us,adzuna,https://www.adzuna.com/land/ad/5811201587?se=brbAAqaS8RG9ks23jnlnsA&utm_medium=api&utm_source=8413080e&v=795B01F165427ADA958D73A1EE68A99DA798D79B,58488.5,58488.5,2026-07-22,2026-08-07
adzuna_5800072246,Junior Data Analyst,Global Alliant Inc,us,adzuna,https://www.adzuna.com/land/ad/5800072246?se=brbAAqaS8RG9ks23jnlnsA&utm_medium=api&utm_source=8413080e&v=2869279A09934DEAD812ED0470517E2BF55395BB,59437.84,59437.84,2026-07-14,2026-08-07
adzuna_5829579577,Junior Data Analyst,Synergie Systems,us,adzuna,https://www.adzuna.com/land/ad/5829579577?se=brbAAqaS8RG9ks23jnlnsA&utm_medium=api&utm_source=8413080e&v=050C51EEB222C5F67EF9A46CE925D5B53235E413,90925.7,90925.7,2026-08-05,2026-08-07
adzuna_5831826195,Junior Data Analyst/BI Analyst,SynergisticIT,us,adzuna,https://www.adzuna.com/land/ad/5831826195?se=brbAAqaS8RG9ks23jnlnsA&utm_medium=api&utm_source=8413080e&v=E26D2E08F9BBC7DFC118CD6964FB0405473BF9F0,139437.42,139437.42,2026-08-07,2026-08-07
adzuna_5831834822,Junior Data Analyst/Scientist (Remote),SynergisticIT,us,adzuna,https://www.adzuna.com/land/ad/5831834822?se=brbAAqaS8RG9ks23jnlnsA&utm_medium=api&utm_source=8413080e&v=553410815065E48C330E438B09A028A19F88FD8E,117208.31,117208.31,2026-08-07,2026-08-07
adzuna_5790082342,Junior Data Analyst with Security Clearance,"PrimCorp, LLC",us,adzuna,https://www.adzuna.com/land/ad/5790082342?se=brbAAqaS8RG9ks23jnlnsA&utm_medium=api&utm_source=8413080e&v=B07308F914EE6813798874679F166E5D300EAFF3,90862.86,90862.86,2026-07-06,2026-08-07
adzuna_5808580309,Junior Data Analyst with Security Clearance,QualX LLC,us,adzuna,https://www.adzuna.com/land/ad/5808580309?se=brbAAqaS8RG9ks23jnlnsA&utm_medium=api&utm_source=8413080e&v=6EDFA1F6A0A5D55C9C23BBBD346339119D86BF21,123380.83,123380.83,2026-07-20,2026-08-07
adzuna_5740796195,Junior Data Analyst with Security Clearance,steampunk,us,adzuna,https://www.adzuna.com/land/ad/5740796195?se=brbAAqaS8RG9ks23jnlnsA&utm_medium=api&utm_source=8413080e&v=D9B423AAA893FBCD3D28F6DB4DC659BEDDC72A98,69408.14,69408.14,2026-05-25,2026-08-07
adzuna_5831817303,Junior Data Analyst/Python Programmer - Remote,SynergisticIT,us,adzuna,https://www.adzuna.com/land/ad/5831817303?se=brbAAqaS8RG9ks23jnlnsA&utm_medium=api&utm_source=8413080e&v=666C73B2CAACED4640FDDE10DBB6866D754E0852,137572.23,137572.23,2026-08-07,2026-08-07
adzuna_5820379093,Junior Investment Data Analyst,Vanguard,us,adzuna,https://www.adzuna.com/land/ad/5820379093?se=brbAAqaS8RG9ks23jnlnsA&utm_medium=api&utm_source=8413080e&v=1541FFB5EDC6206D16B166701979E6A6C6399E3D,81680.98,81680.98,2026-07-29,2026-08-07
adzuna_5823868075,Senior Database Administrator,MANTECH,us,adzuna,https://www.adzuna.com/land/ad/5823868075?se=tHdoCKaS8RGWPoJqQXFPnw&utm_medium=api&utm_source=8413080e&v=EFCC1468A1D8A1F345C7899FA9B42236B34A6C63,90878.29,90878.29,2026-08-01,2026-08-07
adzuna_5831819903,DataBase Administration,PC Network,us,adzuna,https://www.adzuna.com/land/ad/5831819903?se=tHdoCKaS8RGWPoJqQXFPnw&utm_medium=api&utm_source=8413080e&v=918CB3B27AA8F41E203F5CD9F5E62FAD389EA0C7,101740.42,101740.42,2026-08-07,2026-08-07
adzuna_5831836493,Database Administrator,Cynet Systems,us,adzuna,https://www.adzuna.com/land/ad/5831836493?se=tHdoCKaS8RGWPoJqQXFPnw&utm_medium=api&utm_source=8413080e&v=D646CA4A70A20415E9E7944812EF20E8B81A4021,78044.07,78044.07,2026-08-07,2026-08-07
adzuna_5821365810,Database Administrator,Acture Solutions Inc,us,adzuna,https://www.adzuna.com/land/ad/5821365810?se=tHdoCKaS8RGWPoJqQXFPnw&utm_medium=api&utm_source=8413080e&v=B63AF7D0F766BDAF5A9D38807259474B884C7E89,73704.91,73704.91,2026-07-30,2026-08-07
adzuna_5811854154,Database Administrator,A & Associates,us,adzuna,https://www.adzuna.com/land/ad/5811854154?se=tHdoCKaS8RGWPoJqQXFPnw&utm_medium=api&utm_source=8413080e&v=CE74ED2204519FBA8DC6F43D803750D0F5488222,78691.82,78691.82,2026-07-23,2026-08-07
adzuna_5210487716,Snowflake Data Warehouse Application Developer,accenture,gb,adzuna,https://www.adzuna.co.uk/jobs/details/5210487716?utm_medium=api&utm_source=8413080e,57556.57,57556.57,2025-05-22,2026-08-07
adzuna_5803524431,SQL Database Engineer,ECS Resource Group Ltd,gb,adzuna,https://www.adzuna.co.uk/jobs/details/5803524431?utm_medium=api&utm_source=8413080e,130000.0,143000.0,2026-07-16,2026-08-07
adzuna_5741214124,Lead Data Engineer,UNiDAYS,gb,adzuna,https://www.adzuna.co.uk/jobs/details/5741214124?utm_medium=api&utm_source=8413080e,88801.12,88801.12,2026-05-26,2026-08-07
adzuna_5810895626,Data Engineer,Deel,gb,adzuna,https://www.adzuna.co.uk/jobs/details/5810895626?utm_medium=api&utm_source=8413080e,52335.68,52335.68,2026-07-22,2026-08-07
adzuna_5821314443,Data Engineer,DHU Healthcare,gb,adzuna,https://www.adzuna.co.uk/jobs/details/5821314443?utm_medium=api&utm_source=8413080e,42282.81,42282.81,2026-07-30,2026-08-07
adzuna_5830840563,Data Engineer,INSIGHT INTERNATIONAL  Limited,gb,adzuna,https://www.adzuna.co.uk/jobs/details/5830840563?utm_medium=api&utm_source=8413080e,72021.16,72021.16,2026-08-06,2026-08-07
adzuna_5741217345,Senior Data Engineer - UK,CluePoints,gb,adzuna,https://www.adzuna.co.uk/jobs/details/5741217345?utm_medium=api&utm_source=8413080e,67511.89,67511.89,2026-05-26,2026-08-07
adzuna_5822594888,Senior Data Engineer,IMT Resourcing,gb,adzuna,https://www.adzuna.co.uk/jobs/land/ad/5822594888?se=NjOL_aCS8RG9ks23jnlnsA&utm_medium=api&utm_source=8413080e&v=8C138547FADDCD0891666694768A97CDCCF4C7A7,75000.0,85000.0,2026-07-31,2026-08-07
adzuna_5822542383,Senior Data Engineer,IMT Resourcing Solutions,gb,adzuna,https://www.adzuna.co.uk/jobs/details/5822542383?utm_medium=api&utm_source=8413080e,75000.0,85000.0,2026-07-31,2026-08-07
adzuna_5817429028,Senior DevOps Engineer,Parkside Office Professional,gb,adzuna,https://www.adzuna.co.uk/jobs/land/ad/5817429028?se=NjOL_aCS8RG9ks23jnlnsA&utm_medium=api&utm_source=8413080e&v=F5BAB8B3963DC684BA58F910611A0B2D58BBE47B,50000.0,51000.0,2026-07-27,2026-08-07
adzuna_5817427306,Senior DevOps Engineer,Parkside,gb,adzuna,https://www.adzuna.co.uk/jobs/details/5817427306?utm_medium=api&utm_source=8413080e,50000.0,51000.0,2026-07-27,2026-08-07
adzuna_5817563511,Senior DevOps Engineer,Parkside Recruitment,gb,adzuna,https://www.adzuna.co.uk/jobs/details/5817563511?utm_medium=api&utm_source=8413080e,54121.14,54121.14,2026-07-27,2026-08-07
adzuna_5727983168,Business Product Manager - Operations,Ascot Group,gb,adzuna,https://www.adzuna.co.uk/jobs/details/5727983168?utm_medium=api&utm_source=8413080e,64421.4,64421.4,2026-05-13,2026-08-07
adzuna_5828143692,Power BI Developer - Sales Operations,MCS Group,gb,adzuna,https://www.adzuna.co.uk/jobs/land/ad/5828143692?se=4nS5_6CS8RGWPoJqQXFPnw&utm_medium=api&utm_source=8413080e&v=036174673D670BA0A1866F3C0A6CE77F0107F13A,60000.0,60000.0,2026-08-04,2026-08-07
adzuna_5814257782,Power Bi Developer,Harvey Nash,gb,adzuna,https://www.adzuna.co.uk/jobs/land/ad/5814257782?se=4nS5_6CS8RGWPoJqQXFPnw&utm_medium=api&utm_source=8413080e&v=655CF57628F4C7C62CBF5EC6C137039F2EF14F21,58636.67,58636.67,2026-07-24,2026-08-07
adzuna_5822373639,Senior Power BI Developer/FP&A,JMF Associates,gb,adzuna,https://www.adzuna.co.uk/jobs/details/5822373639?utm_medium=api&utm_source=8413080e,75000.0,85000.0,2026-07-31,2026-08-07
adzuna_5831369593,Power BI Developer,William Alexander,gb,adzuna,https://www.adzuna.co.uk/jobs/details/5831369593?utm_medium=api&utm_source=8413080e,88655.83,88655.83,2026-08-07,2026-08-07
adzuna_5814247294,Power BI Developer,Advanced Resource Managers Ltd,gb,adzuna,https://www.adzuna.co.uk/jobs/details/5814247294?utm_medium=api&utm_source=8413080e,71023.48,71023.48,2026-07-24,2026-08-07
adzuna_5817731390,Power BI Developer,Anson Mccade,gb,adzuna,https://www.adzuna.co.uk/jobs/details/5817731390?utm_medium=api&utm_source=8413080e,82522.45,82522.45,2026-07-28,2026-08-07
adzuna_5817732728,Power BI Developer,Anson Mccade,gb,adzuna,https://www.adzuna.co.uk/jobs/details/5817732728?utm_medium=api&utm_source=8413080e,156000.0,171600.0,2026-07-28,2026-08-07
adzuna_5831345252,Tableau Developer,Cliff Services Inc,us,adzuna,https://www.adzuna.com/details/5831345252?utm_medium=api&utm_source=8413080e,72800.0,118560.0,2026-08-06,2026-08-07
adzuna_5827171992,Tableau Developer,Akaasa Technologies,us,adzuna,https://www.adzuna.com/details/5827171992?utm_medium=api&utm_source=8413080e,120547.66,120547.66,2026-08-03,2026-08-07
adzuna_5781056096,Tableau Developer,"Pyramid, Inc",us,adzuna,https://www.adzuna.com/details/5781056096?utm_medium=api&utm_source=8413080e,86220.9,86220.9,2026-06-29,2026-08-07
adzuna_5826911077,Senior Python Developer,Leidos,us,adzuna,https://www.adzuna.com/land/ad/5826911077?se=MIFVE6aS8RGWPoJqQXFPnw&utm_medium=api&utm_source=8413080e&v=14054E634CEC39FEE312ACBA2B920C122BA0DAAE,187396.1,187396.1,2026-08-03,2026-08-07
adzuna_5796684005,Python Developer,mThree,us,adzuna,https://www.adzuna.com/land/ad/5796684005?se=MIFVE6aS8RGWPoJqQXFPnw&utm_medium=api&utm_source=8413080e&v=8DA1C068E479DFD03EEF02B4CE3EF744193780ED,104099.3,104099.3,2026-07-11,2026-08-07
adzuna_5826789652,Healthcare QA Analyst,Shakti Solutions,us,adzuna,https://www.adzuna.com/land/ad/5826789652?se=tknoGKaS8RGlDuOngCclFw&utm_medium=api&utm_source=8413080e&v=44E85C6FA30A88BCC6DF278513A5156A87D60765,78768.85,78768.85,2026-08-03,2026-08-07
adzuna_5796422818,QA Analyst,Insight Global,us,adzuna,https://www.adzuna.com/land/ad/5796422818?se=tknoGKaS8RGlDuOngCclFw&utm_medium=api&utm_source=8413080e&v=41C06D52B099C14566F2DD4A43A13AAEE94D00C6,75665.34,75665.34,2026-07-10,2026-08-07
adzuna_5816116975,QA Analyst,TEKsystems,us,adzuna,https://www.adzuna.com/land/ad/5816116975?se=tknoGKaS8RGlDuOngCclFw&utm_medium=api&utm_source=8413080e&v=85A1540CF18980B38DC095D03220A776EC1217F7,94448.02,94448.02,2026-07-25,2026-08-07
adzuna_5822949186,Software Tester,Versko Limited,gb,adzuna,https://www.adzuna.co.uk/jobs/details/5822949186?utm_medium=api&utm_source=8413080e,30000.0,30000.0,2026-08-01,2026-08-07
adzuna_5794239712,Software Tester,Talent Locker,gb,adzuna,https://www.adzuna.co.uk/jobs/details/5794239712?utm_medium=api&utm_source=8413080e,46703.33,46703.33,2026-07-09,2026-08-07
adzuna_5791090314,Software Tester,Talent Locker,gb,adzuna,https://www.adzuna.co.uk/jobs/details/5791090314?utm_medium=api&utm_source=8413080e,50000.0,50000.0,2026-07-07,2026-08-07
adzuna_5781388209,Software Tester,Reed Technology,gb,adzuna,https://www.adzuna.co.uk/jobs/details/5781388209?utm_medium=api&utm_source=8413080e,45000.0,45000.0,2026-06-29,2026-08-07
adzuna_5210481383,Software Test,ibm,gb,adzuna,https://www.adzuna.co.uk/jobs/details/5210481383?utm_medium=api&utm_source=8413080e,43312.27,43312.27,2025-05-22,2026-08-07
adzuna_5210485814,Software Tester,Siemens,gb,adzuna,https://www.adzuna.co.uk/jobs/details/5210485814?utm_medium=api&utm_source=8413080e,39938.52,39938.52,2025-05-22,2026-08-07
adzuna_5738793237,Software Testing Engineer,MBDA,gb,adzuna,https://www.adzuna.co.uk/jobs/land/ad/5738793237?se=VrCJFqGS8RG9ks23jnlnsA&utm_medium=api&utm_source=8413080e&v=CF4A80CD5F918005A51A522D2A1A0F312930A950,42000.0,50000.0,2026-05-23,2026-08-07
adzuna_5704450831,Software Test Engineer,Tec Partners Limited,gb,adzuna,https://www.adzuna.co.uk/jobs/land/ad/5704450831?se=VrCJFqGS8RG9ks23jnlnsA&utm_medium=api&utm_source=8413080e&v=593BF6514CE3781982E8794238A29CC3D2E0FA2B,45000.0,55000.0,2026-04-19,2026-08-07
adzuna_5829059479,Software Test Engineer,Chroma Recruitment,gb,adzuna,https://www.adzuna.co.uk/jobs/details/5829059479?utm_medium=api&utm_source=8413080e,45000.0,45000.0,2026-08-05,2026-08-07
adzuna_5826906753,Data Analyst,"BOOZ, ALLEN & HAMILTON, INC.",us,adzuna,https://www.adzuna.com/land/ad/5826906753?se=-KPM_KWS8RGOZItUbRfjpg&utm_medium=api&utm_source=8413080e&v=F1FACB8018837F92AD29831122865503330DE4B4,79290.02,79290.02,2026-08-03,2026-08-07
adzuna_5826542901,Data Analyst,Insolation Technology Ltd,us,adzuna,https://www.adzuna.com/land/ad/5826542901?se=-KPM_KWS8RGOZItUbRfjpg&utm_medium=api&utm_source=8413080e&v=23773A07FD01D5278932BD92EC2EC1E7B169F778,66546.46,66546.46,2026-08-03,2026-08-07
adzuna_5826542916,Data Analyst,"CCU, LLC",us,adzuna,https://www.adzuna.com/land/ad/5826542916?se=-KPM_KWS8RGOZItUbRfjpg&utm_medium=api&utm_source=8413080e&v=BDF0AFD55E368C3CEA7F431C31F3FD428999BAEE,58429.79,58429.79,2026-08-03,2026-08-07
adzuna_5831229562,Data Analyst,Metrc,us,adzuna,https://www.adzuna.com/land/ad/5831229562?se=-KPM_KWS8RGOZItUbRfjpg&utm_medium=api&utm_source=8413080e&v=8BB660BA68607E61C70534EBC479049C4F484B66,52625.22,52625.22,2026-08-06,2026-08-07
adzuna_5831229395,Data Analyst,NBCUniversal,us,adzuna,https://www.adzuna.com/land/ad/5831229395?se=-KPM_KWS8RGOZItUbRfjpg&utm_medium=api&utm_source=8413080e&v=FF7904BA26CE1D7BFA03AC05364A646E64D9E60B,141801.11,141801.11,2026-08-06,2026-08-07
adzuna_5831229415,Data Analyst,Shield California Health,us,adzuna,https://www.adzuna.com/land/ad/5831229415?se=-KPM_KWS8RGOZItUbRfjpg&utm_medium=api&utm_source=8413080e&v=99D4A7F06951BF99129116F374850E051E7F467C,66473.27,66473.27,2026-08-06,2026-08-07
adzuna_5830505565,Senior Data Analyst,ACCsurance,us,adzuna,https://www.adzuna.com/land/ad/5830505565?se=-KPM_KWS8RGOZItUbRfjpg&utm_medium=api&utm_source=8413080e&v=9A3E85D1453326DF6570E775E3A6BB1380CEE8EE,159659.5,159659.5,2026-08-06,2026-08-07
adzuna_5830429489,Senior Data Analyst,ACCsurance,us,adzuna,https://www.adzuna.com/details/5830429489?utm_medium=api&utm_source=8413080e,117287.37,117287.37,2026-08-06,2026-08-07
adzuna_5830425409,Senior Data Analyst,ACCsurance,us,adzuna,https://www.adzuna.com/land/ad/5830425409?se=-KPM_KWS8RGOZItUbRfjpg&utm_medium=api&utm_source=8413080e&v=DC3169130D940ADB5722592AD4AE963EE2BDCA82,157380.86,157380.86,2026-08-06,2026-08-07
adzuna_5823867997,Data Analyst,MANTECH,us,adzuna,https://www.adzuna.com/land/ad/5823867997?se=-KPM_KWS8RGOZItUbRfjpg&utm_medium=api&utm_source=8413080e&v=757201D9115334E84AAE7E3A8E06E978454B5FE9,82150.41,82150.41,2026-08-01,2026-08-07
adzuna_5828380478,Big Data Analyst,Vantor,us,adzuna,https://www.adzuna.com/land/ad/5828380478?se=-KPM_KWS8RGOZItUbRfjpg&utm_medium=api&utm_source=8413080e&v=609031B78626E186031549AC94EA948A8BAF980A,122000.0,160000.0,2026-08-04,2026-08-07
adzuna_5827227990,Software Test Manager,Randox Laboratories,gb,adzuna,https://www.adzuna.co.uk/jobs/land/ad/5827227990?se=VrCJFqGS8RG9ks23jnlnsA&utm_medium=api&utm_source=8413080e&v=8BE8DC6B06FBACA606ED2C8F9C86D1CC40812530,44808.48,44808.48,2026-08-04,2026-08-07
adzuna_5789988800,Software Tester,Bet365,gb,adzuna,https://www.adzuna.co.uk/jobs/land/ad/5789988800?se=VrCJFqGS8RG9ks23jnlnsA&utm_medium=api&utm_source=8413080e&v=3EEF4D2D5FF1486F0795A43BC56A32B008BB1E13,46545.48,46545.48,2026-07-06,2026-08-07
adzuna_5807301944,SOFTWARE TESTER,EverIT Solutions Limited,gb,adzuna,https://www.adzuna.co.uk/jobs/details/5807301944?utm_medium=api&utm_source=8413080e,31500.0,31500.0,2026-07-19,2026-08-07
adzuna_5800186325,"Software Tester, Martech",Bet365,gb,adzuna,https://www.adzuna.co.uk/jobs/land/ad/5800186325?se=VrCJFqGS8RG9ks23jnlnsA&utm_medium=api&utm_source=8413080e&v=8A01491F91C96338A1D4F3498A98E9C477CC1F0D,54071.0,54071.0,2026-07-14,2026-08-07
adzuna_5800186393,"Software Tester, Martech",Bet365,gb,adzuna,https://www.adzuna.co.uk/jobs/land/ad/5800186393?se=VrCJFqGS8RG9ks23jnlnsA&utm_medium=api&utm_source=8413080e&v=D4C1210521BD9718884ED4C287E45765AEF260FF,53285.47,53285.47,2026-07-14,2026-08-07
adzuna_5785429463,Software Tester,The Vella Group,gb,adzuna,https://www.adzuna.co.uk/jobs/details/5785429463?utm_medium=api&utm_source=8413080e,49384.46,49384.46,2026-07-02,2026-08-07
adzuna_5799507370,Software Tester,Rise Technical Recruitment,gb,adzuna,https://www.adzuna.co.uk/jobs/details/5799507370?utm_medium=api&utm_source=8413080e,35000.0,40000.0,2026-07-14,2026-08-07
adzuna_5810897875,Software Tester,Reed,gb,adzuna,https://www.adzuna.co.uk/jobs/land/ad/5810897875?se=VrCJFqGS8RG9ks23jnlnsA&utm_medium=api&utm_source=8413080e&v=DEA4FF54A5C086594A512114FBE9EE8E5829EACB,350000.0,370000.0,2026-07-22,2026-08-07
adzuna_5832205547,Software Tester,Hypercreate Ltd,gb,adzuna,https://www.adzuna.co.uk/jobs/details/5832205547?utm_medium=api&utm_source=8413080e,29000.0,35000.0,2026-08-07,2026-08-07
adzuna_5822391643,Software Tester,Oscar Technology,gb,adzuna,https://www.adzuna.co.uk/jobs/land/ad/5822391643?se=VrCJFqGS8RG9ks23jnlnsA&utm_medium=api&utm_source=8413080e&v=4A0F2236C21F2BB8E19469264341E837EC74BABA,40000.0,45000.0,2026-07-31,2026-08-07
adzuna_5810044782,SQL Server Data Migration Engineer (Remote),Interact Consulting Limited,gb,adzuna,https://www.adzuna.co.uk/jobs/details/5810044782?utm_medium=api&utm_source=8413080e,53523.93,53523.93,2026-07-22,2026-08-07
adzuna_5819496957,Data Engineer (Snowflake),COMPUTACENTER  LIMITED,gb,adzuna,https://www.adzuna.co.uk/jobs/details/5819496957?utm_medium=api&utm_source=8413080e,67702.99,67702.99,2026-07-29,2026-08-07
adzuna_5830331252,IBM DataStage Engineer,Sanderson Recruitment,gb,adzuna,https://www.adzuna.co.uk/jobs/details/5830331252?utm_medium=api&utm_source=8413080e,123500.0,136500.0,2026-08-06,2026-08-07
adzuna_5756674103,Senior Data Engineer,N Consulting Ltd,gb,adzuna,https://www.adzuna.co.uk/jobs/details/5756674103?utm_medium=api&utm_source=8413080e,72800.0,78000.0,2026-06-08,2026-08-07
adzuna_5827030561,Oracle Data Warehouse Developer (SC Cleared),Syntax Consultancy Limited,gb,adzuna,https://www.adzuna.co.uk/jobs/land/ad/5827030561?se=NjOL_aCS8RG9ks23jnlnsA&utm_medium=api&utm_source=8413080e&v=5719077F9C758CE6D5AD90C8A60FBD32CECE06AD,117000.0,130000.0,2026-08-03,2026-08-07
adzuna_5804907446,Data Engineer,MCS Group,gb,adzuna,https://www.adzuna.co.uk/jobs/land/ad/5804907446?se=nNBz-KCS8RGWPoJqQXFPnw&utm_medium=api&utm_source=8413080e&v=CE7313EC30199B86BC5D473E8C6EFF54497A96B1,100000.0,100000.0,2026-07-17,2026-08-07
adzuna_5817551306,Data Engineer,Harnham - Data & Analytics Recruitment,gb,adzuna,https://www.adzuna.co.uk/jobs/details/5817551306?utm_medium=api&utm_source=8413080e,50000.0,60000.0,2026-07-27,2026-08-07
adzuna_5808375278,Data Engineer,Sanderson Government and Defence,gb,adzuna,https://www.adzuna.co.uk/jobs/land/ad/5808375278?se=nNBz-KCS8RGWPoJqQXFPnw&utm_medium=api&utm_source=8413080e&v=59CF1EC486A1E45A328F33BEEA51C9AFF66DB0F9,45000.0,45000.0,2026-07-20,2026-08-07
adzuna_5817569559,Data Engineer ( AWS ),Ocho,gb,adzuna,https://www.adzuna.co.uk/jobs/land/ad/5817569559?se=nNBz-KCS8RGWPoJqQXFPnw&utm_medium=api&utm_source=8413080e&v=5849B817D0052E9E6BDB7D43BEF21A0F7C612D06,80000.0,80000.0,2026-07-27,2026-08-07
adzuna_5817569573,Data Engineer ( Snowflake ),Ocho,gb,adzuna,https://www.adzuna.co.uk/jobs/land/ad/5817569573?se=nNBz-KCS8RGWPoJqQXFPnw&utm_medium=api&utm_source=8413080e&v=2AA0E0FC238EE7631C8A94A738A414EFBF4DE10D,80000.0,80000.0,2026-07-27,2026-08-07
adzuna_5818755869,Senior Data Engineer,Ocho,gb,adzuna,https://www.adzuna.co.uk/jobs/land/ad/5818755869?se=nNBz-KCS8RGWPoJqQXFPnw&utm_medium=api&utm_source=8413080e&v=28E9B54581BEFAF57DB005C49C777E9C3FAB0C62,60000.0,60000.0,2026-07-28,2026-08-07
adzuna_5815047811,Data Engineer - Python,Data Intellect,gb,adzuna,https://www.adzuna.co.uk/jobs/land/ad/5815047811?se=nNBz-KCS8RGWPoJqQXFPnw&utm_medium=api&utm_source=8413080e&v=AF75B793F629DBE9AF292A6EB837E93FBB0193BD,62768.87,62768.87,2026-07-25,2026-08-07
adzuna_5822628749,Manufacturing Data Engineer,McElroy Resourcing,gb,adzuna,https://www.adzuna.co.uk/jobs/land/ad/5822628749?se=nNBz-KCS8RGWPoJqQXFPnw&utm_medium=api&utm_source=8413080e&v=11F2EDB3C29F0303AA0FFC7CD09230DDD367BBC9,45000.0,45000.0,2026-07-31,2026-08-07
adzuna_5820865976,Staff Data Engineer,Bazaarvoice Ltd,gb,adzuna,https://www.adzuna.co.uk/jobs/land/ad/5820865976?se=nNBz-KCS8RGWPoJqQXFPnw&utm_medium=api&utm_source=8413080e&v=04A3DEB91A910C3FD8659F339B1CB403DCF8FCFD,42225.39,42225.39,2026-07-30,2026-08-07
adzuna_5830855065,Copy of Data Engineer,PA Consulting,gb,adzuna,https://www.adzuna.co.uk/jobs/land/ad/5830855065?se=nNBz-KCS8RGWPoJqQXFPnw&utm_medium=api&utm_source=8413080e&v=CCCD5D0DB762B82F30DB933A10547E303487AC10,50064.61,50064.61,2026-08-06,2026-08-07
adzuna_5789988994,Data Engineer,Version 1,gb,adzuna,https://www.adzuna.co.uk/jobs/land/ad/5789988994?se=nNBz-KCS8RGWPoJqQXFPnw&utm_medium=api&utm_source=8413080e&v=6DE50B13C83742045335F7E17932B650A249ADAA,48976.09,48976.09,2026-07-06,2026-08-07
adzuna_5808132795,Data Engineer,Tenth Revolution Group,gb,adzuna,https://www.adzuna.co.uk/jobs/land/ad/5808132795?se=nNBz-KCS8RGWPoJqQXFPnw&utm_medium=api&utm_source=8413080e&v=057532DA5E8BFBEB7CB44D5FA1994573D49A4B2D,55000.0,60000.0,2026-07-20,2026-08-07
adzuna_5804941326,Data Engineer,Tenth Revolution Group,gb,adzuna,https://www.adzuna.co.uk/jobs/land/ad/5804941326?se=nNBz-KCS8RGWPoJqQXFPnw&utm_medium=api&utm_source=8413080e&v=61192ECBB2B20DFB74622EC2A8830F4E23AB308B,50000.0,65000.0,2026-07-17,2026-08-07
adzuna_5808308730,Data Engineer,Tenth Revolution Group,gb,adzuna,https://www.adzuna.co.uk/jobs/land/ad/5808308730?se=nNBz-KCS8RGWPoJqQXFPnw&utm_medium=api&utm_source=8413080e&v=74854672F7C8B1C4E6C3CCFA13048B74331996DE,50000.0,60000.0,2026-07-20,2026-08-07
adzuna_5828120392,Data Engineer/ ETL developer,Infinity Quest UK,gb,adzuna,https://www.adzuna.co.uk/jobs/details/5828120392?utm_medium=api&utm_source=8413080e,34504.56,34504.56,2026-08-04,2026-08-07
adzuna_5210481276,Senior Talend ETL Developer - Assistant Vice President - CTS - Pune,Citi,gb,adzuna,https://www.adzuna.co.uk/jobs/details/5210481276?utm_medium=api&utm_source=8413080e,50584.95,50584.95,2025-05-22,2026-08-07
adzuna_5210487662,Talend ETL Application Developer,accenture,gb,adzuna,https://www.adzuna.co.uk/jobs/details/5210487662?utm_medium=api&utm_source=8413080e,29418.98,29418.98,2025-05-22,2026-08-07
adzuna_5210487600,Talend ETL Application Developer,accenture,gb,adzuna,https://www.adzuna.co.uk/jobs/details/5210487600?utm_medium=api&utm_source=8413080e,44128.47,44128.47,2025-05-22,2026-08-07
adzuna_5210480123,Lead Analyst - BI/DW - ETL & Reporting Developer,cgi,gb,adzuna,https://www.adzuna.co.uk/jobs/details/5210480123?utm_medium=api&utm_source=8413080e,47396.7,47396.7,2025-05-22,2026-08-07
adzuna_5826081936,IBM DataStage Engineer,Sanderson Recruitment,gb,adzuna,https://www.adzuna.co.uk/jobs/land/ad/5826081936?se=FGyk-qCS8RGlDuOngCclFw&utm_medium=api&utm_source=8413080e&v=378EBAA284A83BF4D81E820333C22380258FCB8C,123500.0,136500.0,2026-08-02,2026-08-07
adzuna_5820108309,Senior Azure Developer,Profectus Recruitment,gb,adzuna,https://www.adzuna.co.uk/jobs/details/5820108309?utm_medium=api&utm_source=8413080e,60000.0,70000.0,2026-07-29,2026-08-07
adzuna_5792955996,Senior Data Architect / Data Solution Architect,Version 1,gb,adzuna,https://www.adzuna.co.uk/jobs/land/ad/5792955996?se=FGyk-qCS8RGlDuOngCclFw&utm_medium=api&utm_source=8413080e&v=D0AFF6462052C7C02BB7A4247CD996418F495335,66222.2,66222.2,2026-07-08,2026-08-07
adzuna_5828166767,Data Architect,Version 1,gb,adzuna,https://www.adzuna.co.uk/jobs/land/ad/5828166767?se=FGyk-qCS8RGlDuOngCclFw&utm_medium=api&utm_source=8413080e&v=80351ABE04AFE6B3A8B6A7FF5CD4F52F52DFE49B,63233.79,63233.79,2026-08-04,2026-08-07
adzuna_5825453075,Senior Oracle Fusion ERP Integration Developer,Barclays,gb,adzuna,https://www.adzuna.co.uk/jobs/land/ad/5825453075?se=FGyk-qCS8RGlDuOngCclFw&utm_medium=api&utm_source=8413080e&v=D7A8829C844877A77A1EBE348663B3B74BB39020,80844.7,80844.7,2026-08-02,2026-08-07
adzuna_5773192377,SQL Server Data Migration Engineer (Remote),Interact Consulting Limited,gb,adzuna,https://www.adzuna.co.uk/jobs/details/5773192377?utm_medium=api&utm_source=8413080e,54329.34,54329.34,2026-06-23,2026-08-07
adzuna_5748978694,Senior Data Analyst / Senior Power BI Developer,CluePoints,gb,adzuna,https://www.adzuna.co.uk/jobs/details/5748978694?utm_medium=api&utm_source=8413080e,85097.34,85097.34,2026-06-02,2026-08-07
adzuna_5708297942,Power Apps Developer (Power BI specialism),Methods Business and Digital Technology,gb,adzuna,https://www.adzuna.co.uk/jobs/details/5708297942?utm_medium=api&utm_source=8413080e,60000.0,70000.0,2026-04-23,2026-08-07
adzuna_5708297941,Power Apps Developer (Power BI specialism),Methods Business and Digital Technology,gb,adzuna,https://www.adzuna.co.uk/jobs/details/5708297941?utm_medium=api&utm_source=8413080e,60000.0,70000.0,2026-04-23,2026-08-07
adzuna_5812687214,Tableau Developer,Harnham - Data & Analytics Recruitment,gb,adzuna,https://www.adzuna.co.uk/jobs/land/ad/5812687214?se=-ia2AaGS8RGOZItUbRfjpg&utm_medium=api&utm_source=8413080e&v=1D5E72CA0497D546D84CF33B59F5B81609F43423,104000.0,130000.0,2026-07-23,2026-08-07
adzuna_5832296924,Tableau Developer,NEEV LIMITED,gb,adzuna,https://www.adzuna.co.uk/jobs/details/5832296924?utm_medium=api&utm_source=8413080e,9100.0,104000.0,2026-08-07,2026-08-07
adzuna_5464013568,Data Warehouse Developer,GSF Car Parts,gb,adzuna,https://www.adzuna.co.uk/jobs/land/ad/5464013568?se=NjOL_aCS8RG9ks23jnlnsA&utm_medium=api&utm_source=8413080e&v=CF29B7B0E2D1FD6AC777759F619D4BD6E7086099,36331.19,36331.19,2025-10-25,2026-08-07
adzuna_5826565075,Oracle Data Warehouse Developer (SC Cleared),Syntax Consultancy Ltd,gb,adzuna,https://www.adzuna.co.uk/jobs/details/5826565075?utm_medium=api&utm_source=8413080e,117000.0,130000.0,2026-08-03,2026-08-07
adzuna_5817427307,Oracle Data Warehouse Developer (SC Cleared),Syntax Consultancy Ltd,gb,adzuna,https://www.adzuna.co.uk/jobs/details/5817427307?utm_medium=api&utm_source=8413080e,117000.0,130000.0,2026-07-27,2026-08-07
adzuna_5826710443,Oracle Data Warehouse Developer (SC Cleared),Syntax Consultancy Limited,gb,adzuna,https://www.adzuna.co.uk/jobs/details/5826710443?utm_medium=api&utm_source=8413080e,117000.0,130000.0,2026-08-03,2026-08-07
adzuna_5210487688,Snowflake Data Warehouse Application Developer,accenture,gb,adzuna,https://www.adzuna.co.uk/jobs/details/5210487688?utm_medium=api&utm_source=8413080e,53314.96,53314.96,2025-05-22,2026-08-07
adzuna_5831817742,Business Intelligence Specialist,Stefanini,us,adzuna,https://www.adzuna.com/land/ad/5831817742?se=VjibBKaS8RG9ks23jnlnsA&utm_medium=api&utm_source=8413080e&v=D41F3F561467487133D92C42822271A1C1AB6562,97636.25,97636.25,2026-08-07,2026-08-07
adzuna_5831834599,Business Intelligence Analyst,Uline,us,adzuna,https://www.adzuna.com/land/ad/5831834599?se=VjibBKaS8RG9ks23jnlnsA&utm_medium=api&utm_source=8413080e&v=372D51FE3D04DDABDAE6C76AE625414596726F58,116093.19,116093.19,2026-08-07,2026-08-07
adzuna_5825554388,"Senior Director, Business Intelligence & Analytics",University of Massachusetts Amherst Foundation,us,adzuna,https://www.adzuna.com/land/ad/5825554388?se=VjibBKaS8RG9ks23jnlnsA&utm_medium=api&utm_source=8413080e&v=2BA2D7B29513FC0498B1D2985C845D27DB7ADDD2,145000.0,180000.0,2026-08-02,2026-08-07
adzuna_5680353151,Business Intelligence Developer - III,"Judge Group, Inc.",us,adzuna,https://www.adzuna.com/land/ad/5680353151?se=VjibBKaS8RG9ks23jnlnsA&utm_medium=api&utm_source=8413080e&v=EBB2F191F5FA1C82605E2A0DB9463AD400352A63,173689.48,173689.48,2026-03-27,2026-08-07
adzuna_5790059734,Business Intelligence Manager,PeopleNTech,us,adzuna,https://www.adzuna.com/land/ad/5790059734?se=VjibBKaS8RG9ks23jnlnsA&utm_medium=api&utm_source=8413080e&v=360A127376D2C5C7201A25E5BC6F952EEC162D6D,110189.38,110189.38,2026-07-06,2026-08-07
adzuna_5805093486,Business Intelligence Analyst,Patriot Talent Solutions,us,adzuna,https://www.adzuna.com/land/ad/5805093486?se=VjibBKaS8RG9ks23jnlnsA&utm_medium=api&utm_source=8413080e&v=0EFF0E079A0130C0197A6D804F76059594A51BD5,50982.96,50982.96,2026-07-17,2026-08-07
adzuna_5736686350,Business Intelligence Analyst,Symbiotic Consulting Group,us,adzuna,https://www.adzuna.com/land/ad/5736686350?se=VjibBKaS8RG9ks23jnlnsA&utm_medium=api&utm_source=8413080e&v=C631763BAD3D3920814849BEEB62FA1DEDEC5270,88354.42,88354.42,2026-05-21,2026-08-07
adzuna_5781560247,Business Intelligence Developer,"Motion Recruitment Partners, LLC",us,adzuna,https://www.adzuna.com/land/ad/5781560247?se=VjibBKaS8RG9ks23jnlnsA&utm_medium=api&utm_source=8413080e&v=514CCCF5AFBC7899FF28A105DAA96EDBFB572640,98350.05,98350.05,2026-06-29,2026-08-07
adzuna_5796297081,Business Intelligence Analyst,Eliassen Group,us,adzuna,https://www.adzuna.com/land/ad/5796297081?se=VjibBKaS8RG9ks23jnlnsA&utm_medium=api&utm_source=8413080e&v=5E373316A51FF81FC438402AE40E8A54EB6ECF08,77019.35,77019.35,2026-07-10,2026-08-07
adzuna_5811120600,SQL Developer,Anblicks,us,adzuna,https://www.adzuna.com/land/ad/5811120600?se=BipwBqaS8RG9ks23jnlnsA&utm_medium=api&utm_source=8413080e&v=E1B4E60032657173FF40C56BAE63C1BF30D1F020,136144.9,136144.9,2026-07-22,2026-08-07
adzuna_5822585942,SQL Developer,Dexian DISYS,us,adzuna,https://www.adzuna.com/land/ad/5822585942?se=BipwBqaS8RG9ks23jnlnsA&utm_medium=api&utm_source=8413080e&v=EE6A811239E5508D1AEBD7AF37EF0645C46FD24A,124296.35,124296.35,2026-07-31,2026-08-07
adzuna_5808580381,SQL Developer,Apex Systems,us,adzuna,https://www.adzuna.com/land/ad/5808580381?se=BipwBqaS8RG9ks23jnlnsA&utm_medium=api&utm_source=8413080e&v=453EA4205E0DB72B5D62D8246FC5D1CEEC8637C0,96794.16,96794.16,2026-07-20,2026-08-07
adzuna_5812592677,SQL Developer,Dexian DISYS,us,adzuna,https://www.adzuna.com/land/ad/5812592677?se=BipwBqaS8RG9ks23jnlnsA&utm_medium=api&utm_source=8413080e&v=98752C42444998EC87A0F083C45B27FB7A930737,123138.56,123138.56,2026-07-23,2026-08-07
adzuna_5811472143,SQL Developer/DBA,"International Software Systems, Inc",us,adzuna,https://www.adzuna.com/land/ad/5811472143?se=BipwBqaS8RG9ks23jnlnsA&utm_medium=api&utm_source=8413080e&v=B6668570CB0BF7B547A13160531B1A8883F09BC8,105559.39,105559.39,2026-07-22,2026-08-07
adzuna_5803519009,Oracle PL/SQL Developer/Oracle SQL Developer,PROCYON Technostructure,us,adzuna,https://www.adzuna.com/land/ad/5803519009?se=BipwBqaS8RG9ks23jnlnsA&utm_medium=api&utm_source=8413080e&v=4456F0EC562DA120BA4698DD6AD77779F0F976CE,108531.86,108531.86,2026-07-16,2026-08-07
adzuna_5828017154,PL/SQL Developer,Raas Infotek LLC,us,adzuna,https://www.adzuna.com/land/ad/5828017154?se=BipwBqaS8RG9ks23jnlnsA&utm_medium=api&utm_source=8413080e&v=84AEA18B52271BCF26E4FC5AE12C195E3A4C9386,127654.41,127654.41,2026-08-04,2026-08-07
adzuna_5822619873,Senior SQL Developer,"iSpace, Inc",us,adzuna,https://www.adzuna.com/land/ad/5822619873?se=BipwBqaS8RG9ks23jnlnsA&utm_medium=api&utm_source=8413080e&v=C080D4FFF8BD275D0C6942E54CFF8C46F2031E8F,96703.18,96703.18,2026-07-31,2026-08-07
adzuna_5818727221,Azure/SQL Developer,Orion Business Innovations Careers,us,adzuna,https://www.adzuna.com/land/ad/5818727221?se=BipwBqaS8RG9ks23jnlnsA&utm_medium=api&utm_source=8413080e&v=25E10DF79BF755992939406C79EBA014EAE71394,71039.41,71039.41,2026-07-28,2026-08-07
adzuna_5794411633,Senior SQL Developer,"TechLink Systems, Inc.",us,adzuna,https://www.adzuna.com/land/ad/5794411633?se=BipwBqaS8RG9ks23jnlnsA&utm_medium=api&utm_source=8413080e&v=9FE24619320B1983222E830C04F02275E0D75A52,122297.8,122297.8,2026-07-09,2026-08-07
adzuna_5817563129,PL/SQL Developer,Vaco by Highspring,us,adzuna,https://www.adzuna.com/land/ad/5817563129?se=BipwBqaS8RG9ks23jnlnsA&utm_medium=api&utm_source=8413080e&v=C6DB43D24384628BEF677B71D5F7E7A0DAD10A59,109933.9,109933.9,2026-07-27,2026-08-07
adzuna_5819875703,Senior Power BI Developer,Visionaire Partners,us,adzuna,https://www.adzuna.com/land/ad/5819875703?se=tD3SD6aS8RGlDuOngCclFw&utm_medium=api&utm_source=8413080e&v=A06646620095C54531D0B9E61B4C3D5857A5489A,92376.16,92376.16,2026-07-29,2026-08-07
adzuna_5820059538,Tableau / Power BI Developer,Futuremindz llc,us,adzuna,https://www.adzuna.com/land/ad/5820059538?se=tD3SD6aS8RGlDuOngCclFw&utm_medium=api&utm_source=8413080e&v=5D3830EFE6C2A7D613C6D2E62C06E176E3AB7E40,82679.68,82679.68,2026-07-29,2026-08-07
adzuna_5828109763,Sr. Power BI Developer,"ScrumLink, Inc.",us,adzuna,https://www.adzuna.com/land/ad/5828109763?se=tD3SD6aS8RGlDuOngCclFw&utm_medium=api&utm_source=8413080e&v=424111F956DF3C010444F4F3F26A6752370096FC,93693.62,93693.62,2026-08-04,2026-08-07
adzuna_5831836335,Tableau Developer,Unicon Pharma Inc,us,adzuna,https://www.adzuna.com/land/ad/5831836335?se=CuCWEaaS8RGlDuOngCclFw&utm_medium=api&utm_source=8413080e&v=6B96766C5FB6AA29E853B808620B7602CE494F5A,103505.84,103505.84,2026-08-07,2026-08-07
adzuna_5805094655,Tableau Developer,Conch Technologies,us,adzuna,https://www.adzuna.com/land/ad/5805094655?se=CuCWEaaS8RGlDuOngCclFw&utm_medium=api&utm_source=8413080e&v=D65457A21746FE59A615826F0A53976462725B93,127518.13,127518.13,2026-07-17,2026-08-07
adzuna_5766191127,Machine Learning Engineer,Bespoke Labs,us,adzuna,https://www.adzuna.com/land/ad/5766191127?se=XGsnF6aS8RGlDuOngCclFw&utm_medium=api&utm_source=8413080e&v=A704215488B1ED61337FD378D48C2047FD2B4691,116655.09,116655.09,2026-06-16,2026-08-07
adzuna_5766191143,Machine Learning Engineer,Bespoke Labs,us,adzuna,https://www.adzuna.com/land/ad/5766191143?se=XGsnF6aS8RGlDuOngCclFw&utm_medium=api&utm_source=8413080e&v=4831BC30A50512452C6C5AEE5201B4EE6A6B62C8,122134.62,122134.62,2026-06-16,2026-08-07
adzuna_5766190507,Machine Learning Engineer,Bespoke Labs,us,adzuna,https://www.adzuna.com/land/ad/5766190507?se=XGsnF6aS8RGlDuOngCclFw&utm_medium=api&utm_source=8413080e&v=1D97BA0DA5D5139A43351A69BB560FD8722A7BE8,126528.68,126528.68,2026-06-16,2026-08-07
adzuna_5797755938,Sr. QA Analyst,Verisk,us,adzuna,https://www.adzuna.com/land/ad/5797755938?se=tknoGKaS8RGlDuOngCclFw&utm_medium=api&utm_source=8413080e&v=68ACBC004393B5B66C7A88ED19B7B673D81B6C75,94091.01,94091.01,2026-07-12,2026-08-07
adzuna_5831819840,QA Analyst,"The Computer Merchant, Ltd",us,adzuna,https://www.adzuna.com/land/ad/5831819840?se=tknoGKaS8RGlDuOngCclFw&utm_medium=api&utm_source=8413080e&v=7E1B0E5C6AFAFE1A6819634989454B0686C0DF9B,87265.54,87265.54,2026-08-07,2026-08-07
adzuna_5830855096,"Quantitative Risk Analyst, Risk Analytics",AIB NI,gb,adzuna,https://www.adzuna.co.uk/jobs/land/ad/5830855096?se=hk1M5qCS8RGOZItUbRfjpg&utm_medium=api&utm_source=8413080e&v=5D5C0C7946BABCE433DEFA4AC801BD4DB00CD26F,108231.18,108231.18,2026-08-06,2026-08-07
adzuna_5831705958,Associate Analyst - Corporate Analytics,Sainsbury's DTD,gb,adzuna,https://www.adzuna.co.uk/jobs/land/ad/5831705958?se=hk1M5qCS8RGOZItUbRfjpg&utm_medium=api&utm_source=8413080e&v=70EF2A93AF094DFD9FE540DED14F85468BB0273D,59141.94,59141.94,2026-08-07,2026-08-07
adzuna_5812678808,Data Analytics Governance Analyst (AVP),Venn Group,gb,adzuna,https://www.adzuna.co.uk/jobs/details/5812678808?utm_medium=api&utm_source=8413080e,105300.0,179400.0,2026-07-23,2026-08-07
adzuna_5810673621,Business Partner Analytics - Technical Analyst,Aldi,gb,adzuna,https://www.adzuna.co.uk/jobs/details/5810673621?utm_medium=api&utm_source=8413080e,55125.0,63500.0,2026-07-22,2026-08-07
adzuna_5210487615,Analytics Senior Analyst - Insights and Intelligence,accenture,gb,adzuna,https://www.adzuna.co.uk/jobs/details/5210487615?utm_medium=api&utm_source=8413080e,47238.89,47238.89,2025-05-22,2026-08-07
adzuna_5210487620,Analytics Senior Analyst - Insights and Intelligence,accenture,gb,adzuna,https://www.adzuna.co.uk/jobs/details/5210487620?utm_medium=api&utm_source=8413080e,47960.24,47960.24,2025-05-22,2026-08-07
adzuna_5811048402,Business Partner Analytics - Technical Analyst,Aldi Stores,gb,adzuna,https://www.adzuna.co.uk/jobs/details/5811048402?utm_medium=api&utm_source=8413080e,60000.0,60000.0,2026-07-22,2026-08-07
adzuna_4550491642,Early Digital Careers Tax Technology Data Analytics Analyst Graduate - Chelmsford- August 2024,RSM,gb,adzuna,https://www.adzuna.co.uk/jobs/details/4550491642?utm_medium=api&utm_source=8413080e,33823.92,33823.92,2024-01-30,2026-08-07
adzuna_5797714547,Lead Growth Analyst - Marketing Analytics,Wise,gb,adzuna,https://www.adzuna.co.uk/jobs/land/ad/5797714547?se=hk1M5qCS8RGOZItUbRfjpg&utm_medium=api&utm_source=8413080e&v=1888266F197B924DF2F9014E0F7D4B7C1A196CA1,116682.24,116682.24,2026-07-12,2026-08-07
adzuna_5831706027,Lead Digital Analyst – Customer Analytics,Sainsbury's DTD,gb,adzuna,https://www.adzuna.co.uk/jobs/land/ad/5831706027?se=hk1M5qCS8RGOZItUbRfjpg&utm_medium=api&utm_source=8413080e&v=5C152E36928423FB9D268DBF31CBB28A4994EBDA,51995.55,51995.55,2026-08-07,2026-08-07
adzuna_5806940188,Senior Data Analyst - CRM Analytics,Wise,gb,adzuna,https://www.adzuna.co.uk/jobs/land/ad/5806940188?se=hk1M5qCS8RGOZItUbRfjpg&utm_medium=api&utm_source=8413080e&v=0764CF341CB225703BB4A4AC2F5B0FFC990C1DA9,72294.08,72294.08,2026-07-19,2026-08-07
adzuna_5826735318,Data Analytics Governance Analyst - CER Financial,CER Financial,gb,adzuna,https://www.adzuna.co.uk/jobs/details/5826735318?utm_medium=api&utm_source=8413080e,77291.45,77291.45,2026-08-03,2026-08-07
adzuna_5818225797,Data Analyst Trainee,ITOL Recruit,gb,adzuna,https://www.adzuna.co.uk/jobs/land/ad/5818225797?se=qK5m6aCS8RGWPoJqQXFPnw&utm_medium=api&utm_source=8413080e&v=B62B5E321FD14738854BFBBC714ECE6436C190E4,30000.0,50000.0,2026-07-28,2026-08-07
adzuna_5818224990,Data Analyst Trainee,ITOL Recruit,gb,adzuna,https://www.adzuna.co.uk/jobs/land/ad/5818224990?se=qK5m6aCS8RGWPoJqQXFPnw&utm_medium=api&utm_source=8413080e&v=47C67AA4109F34B29AA356640D8A04D4655E2F93,30000.0,50000.0,2026-07-28,2026-08-07
adzuna_5818225214,Data Analyst Trainee,ITOL Recruit,gb,adzuna,https://www.adzuna.co.uk/jobs/land/ad/5818225214?se=qK5m6aCS8RGWPoJqQXFPnw&utm_medium=api&utm_source=8413080e&v=90B1CEE6BFC7092116B4CFD70E6C6CC0DD53CE40,30000.0,50000.0,2026-07-28,2026-08-07
adzuna_5818225143,Data Analyst Trainee,ITOL Recruit,gb,adzuna,https://www.adzuna.co.uk/jobs/land/ad/5818225143?se=qK5m6aCS8RGWPoJqQXFPnw&utm_medium=api&utm_source=8413080e&v=2A3AC02DDB9041F44E4056D3736AECECB615CFE2,30000.0,50000.0,2026-07-28,2026-08-07
adzuna_5818225566,Data Analyst Trainee,ITOL Recruit,gb,adzuna,https://www.adzuna.co.uk/jobs/land/ad/5818225566?se=qK5m6aCS8RGWPoJqQXFPnw&utm_medium=api&utm_source=8413080e&v=E1B272533FFCF50B6B0733637EB2BE08D83522EC,30000.0,50000.0,2026-07-28,2026-08-07
adzuna_5817431114,Data Analyst Trainee,ITOL Recruit,gb,adzuna,https://www.adzuna.co.uk/jobs/land/ad/5817431114?se=qK5m6aCS8RGWPoJqQXFPnw&utm_medium=api&utm_source=8413080e&v=5D805683910B9CDF6759ADB7BC3CCC5DC3248FC0,30000.0,50000.0,2026-07-27,2026-08-07
adzuna_5817317690,Data Analyst Trainee,ITOL Recruit,gb,adzuna,https://www.adzuna.co.uk/jobs/land/ad/5817317690?se=qK5m6aCS8RGWPoJqQXFPnw&utm_medium=api&utm_source=8413080e&v=F9A3D9F494EAEAEF3CFDBE7E6E9C0EADD08894B3,30000.0,50000.0,2026-07-27,2026-08-07
adzuna_5817429308,Data Analyst Trainee,ITOL Recruit,gb,adzuna,https://www.adzuna.co.uk/jobs/land/ad/5817429308?se=qK5m6aCS8RGWPoJqQXFPnw&utm_medium=api&utm_source=8413080e&v=1C2ED33DF938AFAD8A4449443B60C58742E9F831,30000.0,50000.0,2026-07-27,2026-08-07
remoteok_1136303,Open Vacancies,CCDC - The Cambridge Crystallographic Data Centre,remote,remoteok,https://remoteok.com/remote-jobs/1136303,0.0,0.0,,2026-08-09
